living area,lot area,number of bedrooms,number of bathrooms,number of floors,waterfront present,number of views,Built Year,Actual Price,Predicted Price
2170,10000,4,2.25,1.0,0,0,1975,546800,526371.32
2230,9460,4,2.75,1.0,0,0,1960,550000,555665.8
1720,8910,3,1.0,1.0,0,0,1954,399950,309465.1666666666
2080,4000,4,2.75,1.5,0,0,1912,940000,686648.0
3160,10948,4,3.0,1.0,0,3,1991,545000,1120770.0
1010,7200,3,1.0,1.0,0,0,1948,318000,333030.15
970,5665,2,1.0,1.0,0,0,1908,315000,347801.45
5270,17232,5,3.25,2.0,0,1,1977,1800000,1424155.0
2960,20240,4,2.5,2.0,0,4,1985,1250000,916913.88
3040,24192,3,2.75,2.0,0,0,1987,825000,634136.58
2930,19900,3,2.5,1.5,0,0,1983,645000,791170.3333333333
800,15000,2,1.0,1.0,0,0,1927,110000,230633.0
3020,13530,4,2.75,1.0,0,0,1977,670000,601938.5733333334
820,16030,2,1.0,1.0,0,0,1923,185000,202335.0
1750,3354,3,2.5,2.0,0,0,1991,595000,460963.2
1910,5000,3,1.5,1.5,0,0,1922,247200,639038.5
710,1131,2,1.0,2.0,0,0,1943,399950,402516.5
1490,1286,3,2.0,3.0,0,0,2014,429900,537399.0
1210,7560,3,1.5,1.0,0,0,1941,324950,314356.8333333334
1900,3255,3,2.5,2.0,0,0,1988,550000,470622.56
1560,7245,3,1.75,1.5,0,0,1962,422500,371780.05
2340,6896,4,2.5,2.0,0,0,2001,465950,353872.5
2390,6928,2,2.5,2.0,0,3,1949,787500,1014603.64
3290,8059,4,3.5,2.0,0,0,2012,801000,873928.32
2740,5700,4,2.5,2.0,0,0,2006,438900,513625.88
1160,10500,3,1.0,1.0,0,0,1966,315500,294366.34
2430,10500,3,2.5,2.0,0,1,1989,1030000,516070.26
1010,9678,3,1.0,1.0,0,0,1955,245000,241093.5
3020,4000,4,3.25,1.5,0,0,1927,1270000,1068381.5
1300,8099,3,1.75,1.0,0,0,1976,275000,336796.0
1470,32670,3,1.0,1.0,0,0,1958,238000,336118.5
2440,9350,4,2.5,1.0,0,0,1976,610000,543882.01
2910,53898,5,2.75,1.0,0,0,1979,600000,625731.62
1785,2552,4,2.5,2.0,0,0,2009,282000,349430.66666666674
2820,39413,4,2.5,2.0,0,0,1989,465000,660382.02
2370,6000,4,2.5,2.0,0,0,2001,335000,395274.5
1460,1614,3,2.5,2.0,0,0,2007,499000,483706.0
1050,9876,3,1.0,1.0,0,0,1953,310000,331187.5
1530,3840,3,2.5,2.0,0,0,1994,449950,474648.75
1370,9720,3,1.5,2.0,0,0,1968,375000,269890.0
2590,7910,4,2.5,2.0,0,0,2001,799000,509787.45
1760,4264,5,1.0,2.0,0,0,1902,780500,624914.7
1320,6534,3,1.0,1.0,0,0,1952,159000,363218.2
2130,11097,4,1.75,1.0,0,0,1952,292000,513352.91
1850,4597,3,2.5,2.0,0,0,2003,254000,343096.2
2650,6900,4,1.5,2.0,0,0,1909,1460000,862676.0
880,1157,2,1.5,2.0,0,0,2007,210000,340187.5
1130,1221,3,2.25,2.0,0,0,2004,437000,366095.66
4285,9345,4,4.25,2.0,0,0,2013,1890000,1670107.44
5480,10800,6,4.5,2.0,0,3,1999,2400000,1558168.08
2160,5600,4,2.25,1.0,0,0,1947,756000,609029.25
1320,12528,3,1.75,1.0,0,0,1970,207500,291283.2
1340,5800,4,1.0,1.5,0,2,1914,455000,462892.67
1100,11824,4,1.5,1.0,0,0,1954,320000,271862.2
1840,16679,3,1.75,1.0,0,0,1989,274950,358957.5
1610,8375,3,1.5,2.0,0,0,1927,270000,372964.0
1640,7847,3,2.5,2.0,0,0,1987,480000,305289.0
4000,9309,4,4.0,2.0,0,0,2007,688000,1017161.27
1210,1200,3,2.5,3.0,0,0,2008,500000,399649.5
1580,6396,4,1.75,1.0,0,0,1945,359000,492493.62
1500,3920,3,1.0,1.0,0,0,1947,606000,451719.7
1660,8301,3,1.75,1.0,0,0,1955,434000,478530.38
1080,6000,3,1.0,1.0,0,0,1952,275000,258964.5
2040,10086,3,2.5,2.0,0,0,1987,542500,443397.6
2980,27144,3,2.75,1.5,1,2,1917,947500,1026406.1
2750,7200,4,2.5,2.0,0,0,2011,430000,603979.23
2540,7089,2,2.5,2.0,0,0,2004,945000,671197.5
1380,889,2,2.5,2.0,0,0,2012,294000,426654.9
2740,8400,4,2.5,1.5,0,2,1993,315000,598295.38
1840,8234,3,2.5,2.0,0,0,1994,297000,337267.02
2480,12614,5,2.25,1.0,0,0,1979,585000,593697.4
1390,9112,3,1.0,1.0,0,0,1951,745000,336920.5
1640,7187,3,1.0,1.0,0,0,1966,230000,287893.5
2450,9377,3,1.75,1.0,0,2,1962,687500,544074.5
2510,7686,4,3.25,2.0,0,0,2003,290500,477435.4
3753,7204,4,2.5,2.0,0,0,2008,363000,932845.3
1410,81021,3,1.0,1.0,0,0,1949,299950,376046.15
3810,28176,6,4.5,1.0,0,4,1969,2010000,1113784.99
1990,18900,4,1.75,2.0,0,0,1929,290000,378352.7
1260,8614,3,1.75,1.0,0,0,1985,245000,317854.5
1920,6480,4,1.0,1.5,0,0,1920,535000,659726.52
2980,28000,3,3.0,1.0,0,0,1981,675000,694422.3266666665
3800,42316,5,3.0,1.5,0,0,1984,549900,746348.0
1810,7200,3,2.5,1.0,0,0,1960,827500,479005.45
4320,8709,4,4.0,2.0,0,0,2006,1050000,1451114.33
1190,8175,3,2.5,1.0,0,0,1986,290000,297879.0333333333
1180,9048,3,1.5,1.0,0,0,1960,193000,315448.5
1420,3060,3,0.75,1.0,0,0,1923,355000,432954.5
2440,10179,3,1.75,1.0,0,0,1962,280500,578729.0
1000,4776,2,1.0,1.0,0,0,1942,332000,337433.0
2550,7500,4,2.5,1.0,0,0,1976,277500,514740.25
1930,7925,4,2.25,1.0,0,0,1960,367500,458988.14
2600,4800,4,2.0,1.0,0,2,1953,780000,774716.0
4110,15488,4,3.25,2.0,0,2,1995,935000,1141931.44
2730,9519,5,3.0,1.0,0,0,2014,559950,524532.82
1250,8520,2,1.0,1.0,0,0,1928,200000,310870.0
1160,17635,2,1.0,1.0,1,4,1945,700000,516186.9
1310,9612,3,1.0,1.0,0,0,1962,150000,315418.64
2070,8127,4,2.5,1.5,0,0,1924,600000,548593.61
990,8255,3,1.0,1.0,0,0,1953,191000,287332.72
1890,8549,4,2.25,1.0,0,0,1967,525000,379385.0
2750,54014,3,2.25,2.0,0,0,1981,510000,723671.64
2290,7420,5,2.25,1.0,0,0,1973,359900,430977.5
1410,8800,3,1.5,1.0,0,0,1965,226740,230222.705
2380,12067,4,2.5,2.0,0,0,2002,439950,526875.0
1660,4000,2,1.5,1.0,0,0,1950,410000,447689.61
1240,5400,3,1.0,1.0,0,0,1940,355000,457406.95
3880,14550,4,2.5,2.0,0,0,1987,762300,929570.0
2520,6398,4,2.75,2.0,0,0,2014,642860,479982.48
2290,9546,4,2.25,1.0,0,0,1976,668500,528217.23
2060,8540,4,2.25,1.0,0,0,1967,425000,625221.0
1130,9907,3,1.0,1.0,0,0,1954,179950,275862.0
1340,5670,3,2.0,2.0,0,0,1994,252000,256130.0
1700,9000,4,2.5,1.0,0,0,1972,410000,361069.0
3670,18505,3,2.5,1.0,0,4,1983,1250000,1165457.5
800,5760,3,1.0,1.0,0,0,1949,265000,276204.8
3200,7500,4,2.5,1.5,0,1,1948,1180000,924087.5
2790,20824,5,2.75,1.0,0,0,1959,840000,587876.25
3470,12076,3,2.5,2.0,0,3,1988,1050000,1077525.0
2120,7560,3,2.0,1.0,0,0,1991,386000,372758.89
2800,5900,4,2.5,1.0,0,0,1963,665000,541462.33
2180,28710,4,1.75,1.0,0,0,1950,210000,463794.1
2460,10300,3,2.5,1.0,0,0,1992,995000,569317.0
1420,4875,4,1.0,1.5,0,0,1930,400000,522729.5
740,9134,2,1.0,1.0,0,0,1948,342000,185440.0
2660,6978,5,3.5,2.0,0,0,1996,332100,491696.3
3260,91911,3,2.5,2.0,0,0,1984,850000,682860.0
1320,7000,3,1.0,1.0,0,0,1967,206000,270167.75
1940,55756,3,2.0,1.0,0,0,1954,732000,402925.0
3400,35062,4,2.5,2.0,0,0,1988,915000,753777.0
2030,8426,4,2.0,2.0,0,0,1944,275000,440194.25
1180,7669,3,1.0,1.0,0,0,1967,215000,301476.91
1970,5079,3,3.5,2.0,0,0,2007,590000,438338.8
2150,15304,3,2.5,2.0,0,0,1979,649950,452598.56
1900,11171,4,2.25,1.0,0,0,1984,629000,387457.35
7710,11750,8,4.0,3.5,0,0,1904,3300000,2629400.0
2910,5000,4,2.5,2.0,0,0,2002,395000,550355.0
6563,32670,6,3.5,2.0,0,0,2002,1300000,1656150.0
920,43560,2,1.0,1.0,0,0,1923,255000,249172.79
3490,9030,4,2.5,1.5,0,0,1969,414000,770405.0
1590,20917,2,2.75,1.5,0,0,1920,199950,439509.94
1580,4000,3,1.0,2.0,0,0,1905,690000,595921.6
1850,65340,4,1.75,1.5,0,0,1972,205000,438484.0
2220,36085,4,2.25,2.0,0,0,1989,625000,507375.67
1590,7080,3,1.5,1.0,0,2,1952,720000,454358.8
1610,2527,3,2.5,2.0,0,2,2005,460000,535727.0
2080,87991,3,1.75,1.0,0,0,1970,280000,505310.75
2280,8500,3,2.25,1.0,0,0,1977,419950,493085.38
2310,9624,4,2.5,2.0,0,0,1984,597750,583800.32
1490,7560,4,1.5,2.0,0,0,1966,259000,359029.8
1720,6270,4,2.75,2.0,0,0,1978,477000,336178.5
1320,5750,3,1.0,1.5,0,0,1913,279000,421945.42
3990,18115,4,3.25,2.0,0,0,1989,2720000,1075180.0
3330,5042,5,3.75,2.0,0,2,2014,1380000,930976.16
3280,8448,4,4.0,2.0,0,0,2007,785500,964897.26
3280,209088,4,2.5,2.0,0,0,1994,925000,730746.5
3080,17700,3,2.0,1.0,0,0,1965,530000,581729.0
3340,12690,3,2.75,1.0,0,0,1956,1300000,734281.5
1800,6750,4,1.5,1.5,0,0,1950,508500,447682.49
3440,44374,3,2.25,2.0,0,3,1979,740000,898655.5
1610,13309,3,2.0,1.0,0,0,1967,246700,441143.0
1620,3000,3,1.0,1.5,0,0,1928,599995,546811.62
2290,11072,4,2.5,2.0,0,0,1986,590000,581574.8
2630,6247,4,2.5,2.0,0,0,1992,575000,539133.0
2110,5000,4,3.0,1.5,0,2,1930,610000,659345.5
2900,17400,4,2.75,1.0,0,0,1978,785000,757874.1033333334
1920,8775,3,1.75,1.0,0,0,1953,380000,473202.75
1710,9627,4,2.5,1.0,0,0,1976,749000,379288.25
2060,10880,2,1.5,1.0,0,0,1924,348140,403637.8
3170,7062,5,2.75,2.0,0,0,2014,919950,763316.23
1510,9100,3,1.0,1.0,0,0,1966,199000,251265.0
1300,9000,3,1.0,1.0,0,0,1956,305240,315948.0
1290,6566,3,1.0,1.0,0,0,1976,205000,276369.37
3410,41022,3,2.5,2.0,0,0,1990,725000,791700.5
4920,20590,6,3.25,1.0,0,3,1960,850000,1477500.0
1010,4320,2,1.0,1.0,0,0,1924,501000,432030.5
3090,384634,3,2.5,2.0,0,0,2007,659000,707443.75
1400,1091,3,1.5,3.0,0,0,2007,419500,399360.54
1830,7770,3,2.25,1.0,0,0,1977,255000,449898.4
960,1808,2,1.5,2.0,0,0,1993,358000,257139.5
2070,10023,3,2.0,1.0,0,0,1981,490000,421806.06666666665
1260,1125,3,2.5,3.0,0,0,2002,437500,381950.0
2160,9888,3,2.5,2.0,0,0,1989,733000,518634.4
980,6530,3,1.0,1.0,0,0,1969,307500,210641.55
820,2723,2,1.0,1.0,0,0,1921,475000,426626.67
5850,22885,5,3.5,2.0,0,2,1978,1700000,1647880.0
3730,383328,3,3.0,1.5,0,0,1990,649500,719036.0
3430,6872,5,3.5,2.0,0,0,2002,473000,755028.95
3350,9450,5,3.0,2.0,0,0,1912,1000000,1131690.5
3720,35000,4,2.5,2.0,0,0,1983,828500,864290.5
1520,19672,4,2.0,1.0,0,0,1920,171000,360727.3
3900,14864,2,2.25,1.0,0,3,1947,1070000,1162802.5
1550,4411,3,2.25,2.0,0,0,2001,324000,353674.64
1690,1760,3,2.5,2.0,0,0,2014,338000,431890.28
3040,6425,4,2.5,2.0,0,0,2008,776000,603972.6
2620,8861,5,2.75,1.0,0,0,1979,519000,536007.75
3110,18843,4,3.0,2.0,0,0,1995,485000,637223.49
1940,11500,4,1.75,1.0,0,0,1955,420000,446792.0
2570,3600,3,2.5,2.5,0,0,2007,680000,726253.5
1960,10275,4,2.25,2.0,0,0,1965,490000,392633.96
900,2728,2,1.0,2.0,0,0,1998,290000,230823.5
1580,3632,4,2.5,2.0,0,0,2011,299900,308605.9
990,8062,3,1.0,1.0,0,0,1960,250000,280092.5
2100,15480,3,1.75,1.0,0,0,1983,299000,447344.25
2710,9248,4,2.5,2.0,0,0,2011,540000,571367.7
1600,3172,3,2.5,2.0,0,0,2002,440500,327536.5
790,11234,2,1.0,1.0,0,0,1942,250275,174430.91
1200,7500,3,1.0,1.0,0,0,1905,210000,297946.0
2060,31400,3,2.25,2.0,0,0,1984,560000,467008.4
1352,1694,3,2.25,3.0,0,0,2007,325000,397840.7
1680,9460,3,1.75,1.0,0,0,1959,466000,582799.64
1610,13500,3,1.5,1.0,0,0,1970,390000,314609.18
2150,9070,4,2.5,2.0,0,0,1985,615000,438049.455
1970,6480,4,2.0,1.5,0,0,1920,423000,635529.0
2410,5930,2,1.0,2.0,0,0,2007,725000,725273.3
1890,4400,3,1.5,1.5,0,0,1919,651000,692029.47
2310,7851,4,2.75,1.0,0,0,1989,592100,393365.58
1670,22703,3,2.5,1.0,0,0,1988,415900,386161.5
2410,5003,5,2.75,1.0,0,0,2008,365000,485428.08
1220,9732,3,1.75,1.0,0,0,1965,333500,345486.7
1830,6985,4,1.5,1.0,0,0,1967,424500,353122.5
3020,6000,5,2.0,1.5,0,0,1925,530000,832509.5
2010,2386,3,2.5,2.0,0,0,2014,479990,656927.34
1690,10854,4,1.75,1.0,0,0,1977,371000,361138.84
4360,6000,4,3.25,2.0,0,3,2007,1260000,1313343.3333333335
2260,4550,3,2.5,1.5,0,0,1928,622500,700288.5
3180,194278,4,3.25,2.0,0,0,2005,890000,740815.5
1250,864,3,2.5,3.0,0,0,2004,353000,373749.5
1620,5000,3,1.75,1.0,0,0,1954,514000,563546.9
860,10426,3,1.0,1.0,0,0,1954,82000,218037.2
850,6906,3,1.0,1.0,0,0,1948,325000,268804.0
1770,4950,2,2.5,1.0,0,0,2003,350500,434544.65
1100,8138,3,1.0,1.0,0,0,1949,241450,288579.5
2280,19000,5,2.0,1.5,0,0,1924,365000,487196.78
1750,46173,2,1.5,2.0,0,0,1964,661000,456583.5
1940,9874,3,2.5,2.0,0,0,1990,285000,409807.04
1320,3625,3,1.0,2.0,0,0,1900,464000,476037.82
2500,4270,3,3.5,2.0,0,0,2000,538500,594230.51
2100,4400,4,1.75,1.5,0,0,1924,445000,619271.0
1310,9273,3,1.5,1.0,0,0,1968,222000,267070.86
2440,9600,4,2.0,1.0,0,0,1963,274700,566026.73
2700,5150,4,2.5,2.0,0,0,2007,550000,540402.46
870,4600,2,1.0,1.0,0,0,1942,357000,361855.84
2560,8780,4,2.5,2.0,0,0,1992,642000,466659.0
2690,10880,7,4.0,1.0,0,0,1960,597157,561802.0
3110,5133,4,2.75,1.0,0,0,1958,531500,770660.26
2830,9972,3,2.5,2.0,0,0,2006,539000,636168.38
2220,8994,3,1.5,1.0,0,0,1962,500000,376258.0
1040,42180,3,0.75,1.0,0,0,1947,170000,287309.53
1710,7140,4,1.75,1.0,0,0,1968,250000,317585.0
2840,59677,3,2.25,1.0,0,0,1967,663000,758746.5
1320,7200,3,2.0,1.0,0,0,1975,251750,302219.5
2170,5988,4,2.75,2.0,0,0,2014,551000,454629.2
3120,5086,4,3.5,2.0,0,0,2008,953007,713755.26
2330,26571,3,2.0,2.5,0,0,1987,530000,546435.7
800,3090,2,1.0,1.0,0,0,1925,339950,369603.67
2370,12753,3,2.5,2.0,0,0,2001,499950,537336.5
3160,10000,5,3.25,2.0,0,0,1980,574950,693817.93
2450,4332,3,2.5,2.0,0,0,2010,660000,539679.595
1440,2500,3,2.5,2.0,0,0,2006,260000,310490.5
1310,4163,3,1.0,1.0,0,0,1964,415885,501621.0
1280,1520,3,2.25,2.0,0,0,2008,490000,407936.96
1275,20000,4,1.75,1.0,0,0,1991,309600,320553.5
700,5200,2,1.0,1.0,0,0,1952,155000,212340.9
1920,6710,3,1.0,1.0,0,0,1959,350000,409127.5
840,7203,1,0.75,1.5,0,0,1949,124000,302455.7
3130,5700,4,3.0,1.5,0,0,1953,671000,1008597.5
1980,10800,4,1.75,1.0,0,0,1948,711000,434844.0
880,5750,2,1.0,1.0,0,0,1939,280000,357335.39
2880,4000,4,2.75,1.5,0,0,1912,755000,899011.5
1780,13095,3,1.75,1.0,0,0,1983,325000,391626.6
2290,3475,3,2.5,2.0,0,0,2006,653000,476984.9
1730,1803,3,2.5,2.0,0,0,2005,187000,380203.79
2680,12285,3,3.0,1.0,0,0,1970,417400,693159.3
1730,5200,5,1.75,1.0,0,0,1978,205000,325637.42
1570,1777,3,3.25,2.0,0,0,2007,570000,414816.04
2210,8000,3,2.25,2.0,0,0,1969,250250,479403.56
1370,6450,3,1.0,1.0,0,0,1948,357000,342465.77
1750,4990,3,2.0,1.0,0,0,1916,477000,583186.71
1690,1613,3,2.5,2.0,0,0,2014,413565,394940.69
2770,8642,4,2.5,2.0,0,0,1987,907500,658670.07
2130,3420,4,2.5,1.5,0,0,1916,725000,647631.18
1610,5000,3,2.5,2.0,0,0,1994,255000,359136.38
1480,1663,3,2.5,2.0,0,0,2012,341000,428622.1
2080,11050,4,2.5,1.0,0,0,1969,364000,516561.5
1590,1322,3,1.75,2.0,0,0,2014,465000,508960.7
1010,2102,2,1.5,2.0,0,0,1984,370000,256778.0
4090,49542,6,3.75,2.0,0,0,1984,1150000,934099.5
2270,9247,4,2.5,1.0,0,0,1972,619850,529077.97
2154,6050,4,2.5,2.0,0,0,2012,335000,389324.8
2700,49428,4,2.75,1.0,0,0,1988,357000,582242.5
2680,41804,3,2.25,1.0,0,0,1989,676000,575927.72
960,9563,3,1.0,1.0,0,0,1967,215000,244641.32
3530,218472,5,3.5,2.0,0,0,1999,487500,722421.0
2320,4468,4,3.0,2.0,0,0,1999,637500,460056.1
2470,5080,4,2.0,1.5,0,0,1948,339000,659039.0
5860,7200,4,3.5,2.0,0,0,1907,2400000,2235615.0
1000,5454,3,1.0,1.0,0,0,1954,210000,178753.5
1310,1266,3,1.5,2.0,0,0,2002,445000,380002.53
2710,35868,4,2.5,2.0,0,0,1989,482000,642533.52
1720,7704,3,2.0,1.0,0,0,1969,402000,440703.59
1810,3000,5,3.0,2.0,0,0,1998,362000,403572.75
2910,7364,4,2.5,2.0,0,0,2003,1430000,518605.74
1900,5194,3,2.5,2.0,0,0,2004,343500,417192.87
2798,5085,4,2.5,2.0,0,0,2011,440000,529535.93
1840,13493,4,2.5,2.0,0,0,1994,190000,401813.9833333333
1440,4225,2,1.75,1.0,0,0,2005,437000,398096.89
6430,27517,4,3.0,2.0,0,0,2001,4490000,1829370.0
1740,8436,3,2.75,1.0,0,0,1967,239999,453959.0
2010,2212,3,2.5,2.0,0,0,2014,472217,678814.63
1970,6600,4,2.5,2.0,0,0,1987,274900,396867.0
2340,8548,4,2.5,2.0,0,0,1993,390000,488145.97
1700,7689,4,1.0,1.0,0,0,1977,456000,292167.0
2590,6180,5,3.25,1.0,0,0,1960,599000,600327.5
2600,17388,4,2.5,2.0,0,0,1996,665000,562225.02
1160,12040,3,1.0,1.0,0,0,1966,325000,302610.5
1020,9072,3,1.5,1.0,0,0,1930,489000,267926.8
1460,7936,3,2.5,2.0,0,0,1995,295000,323700.0
950,3621,3,1.0,1.0,0,0,1947,390000,414899.0
2000,5500,4,2.5,2.0,0,0,2003,360000,325189.88
1900,6400,3,2.75,1.0,0,0,1942,706000,576970.0
1990,3478,3,2.5,2.0,0,0,1990,450000,410613.91
5340,10655,5,3.75,2.5,0,3,1912,2100000,2240200.0
1400,2500,2,1.75,1.0,0,0,1916,395000,469305.5
2090,8400,4,2.75,1.0,0,0,1976,610000,571937.25
2890,21480,3,2.25,2.0,0,4,1941,1070000,1072591.0
2360,5226,4,2.5,2.0,0,0,2001,600000,441564.9
1230,7200,3,1.75,1.0,0,0,1986,220000,318058.5
3180,10800,5,2.0,1.0,0,0,1968,708000,839687.98
1700,40973,4,1.75,1.0,0,0,1961,334950,434179.09
2600,2074,4,3.25,2.0,0,0,2011,661000,746658.31
1890,6052,4,1.5,1.0,0,0,1955,359000,377783.0
2440,5000,4,1.75,1.0,0,0,1954,566000,604423.03
1810,21650,4,1.75,2.0,0,0,1961,465000,354758.59
2640,9000,4,2.75,2.0,0,0,1990,790000,566470.02
2030,6479,4,2.25,2.0,0,0,1983,579000,493806.85
470,63737,1,1.0,1.0,0,2,1924,192500,281290.0
4090,12850,5,3.0,1.0,0,2,1986,1100000,1049460.0
1540,6273,3,1.75,1.0,0,0,1951,263500,403964.0
3300,10764,4,2.5,1.0,0,0,1971,765000,724744.99
1320,1395,2,2.5,2.0,0,0,2014,529000,509470.4149999999
2040,6034,4,2.5,2.0,0,0,1990,545000,430892.4
1680,4584,3,2.5,2.0,0,0,2003,320000,419836.66
1260,7362,3,1.75,1.0,0,0,1984,240000,227680.1
560,7560,2,1.0,1.0,0,0,1944,249900,144464.7
6400,76665,3,3.75,1.0,0,2,1966,1330000,2216390.0
1360,6603,3,1.75,1.0,0,0,1981,280000,229632.58
3210,8001,5,2.75,2.0,0,0,2014,924000,794761.29
2890,5000,3,2.25,3.0,0,0,2014,930000,732480.27
1860,13374,3,2.0,1.0,0,0,1985,560000,399113.43
1620,5040,3,1.0,1.0,0,0,1964,333000,321625.82
1720,5000,3,1.75,1.5,0,0,1932,420000,522528.76
1670,9987,4,2.0,1.0,0,0,1967,204700,449908.18
2260,3713,4,2.5,2.0,0,0,2003,560000,432631.75
1070,22489,3,1.0,1.0,0,0,1967,195000,264768.61
1580,1228,3,1.5,3.0,0,0,2014,495000,586376.0
2140,6000,3,1.75,1.0,0,0,1948,481500,616160.91
3660,150282,4,2.75,2.0,0,0,1990,730000,714803.0
1350,8548,3,1.75,1.0,0,0,1985,250000,281578.0
1590,131551,4,1.5,1.0,0,3,1966,305000,375066.42
2452,4800,4,3.75,2.0,0,0,1936,430000,915197.0
2030,17100,3,1.75,1.0,0,0,1953,440000,484652.02
1770,29004,3,1.75,1.0,0,0,1959,215000,335985.0
2450,6994,5,2.5,2.0,0,0,2002,345000,388942.7
2930,8679,4,2.5,2.0,0,0,2014,635000,765922.83
3720,7150,4,3.25,2.0,0,2,2007,980000,1087532.8
2430,5000,4,2.5,2.0,0,0,2009,480000,496959.99333333335
1650,7276,4,1.75,1.0,0,0,1977,260000,326638.74
2341,9594,4,2.5,2.0,0,0,1997,640000,464808.99
1470,9337,3,2.5,2.0,0,0,1991,244000,325665.5
3520,9901,4,2.5,2.0,0,0,1998,828000,829343.0
1170,9085,3,1.75,1.0,0,0,1967,185000,324912.335
1990,9656,4,2.5,2.0,0,0,1994,264950,371239.38
4060,19290,4,3.75,2.0,0,0,2002,1020000,1443677.0
3550,35689,4,2.5,2.0,0,0,1991,730000,816320.0
2530,27227,3,2.25,2.0,0,0,1987,450000,533008.62
2800,6567,4,2.5,2.0,0,0,2006,459950,489682.16
2430,4781,5,2.5,2.0,0,0,2001,405000,446397.0
2330,14892,3,1.75,1.0,0,0,1980,588500,468925.9
910,966,2,1.5,2.0,0,0,2006,455000,332104.86
1560,1156,3,2.0,3.0,0,0,2014,500000,541830.0
2140,8100,4,2.75,2.0,0,0,1990,304400,418179.41
1270,1443,3,1.5,3.0,0,0,2007,440000,399168.97
1900,8125,3,2.25,1.0,0,0,1969,340000,419035.85
2020,7840,4,1.75,1.0,0,0,1968,220000,360568.19
1180,1034,2,1.5,2.0,0,0,2001,410000,389427.3
2400,6000,4,2.0,2.0,0,0,1913,375000,906187.0
3370,6766,4,3.75,2.0,0,0,2005,800000,820817.5
1640,4080,2,1.75,1.0,0,0,1921,527000,613279.18
2120,7680,4,1.75,1.0,0,0,1950,379400,445559.87
1430,2200,3,2.5,1.5,0,0,1910,720001,590028.5
1092,7500,3,1.0,1.5,0,0,1918,309000,271110.0
2040,6000,3,2.5,1.0,0,0,1951,872500,674198.79
900,9260,2,1.0,1.0,0,0,1946,496000,237996.5
1990,5000,5,1.75,1.0,0,0,1955,185000,542749.51
4470,22518,3,2.25,2.0,0,2,1953,1480000,1669499.5
1160,4360,3,1.0,1.0,0,0,1929,501000,464409.5
3180,7904,3,2.5,1.0,0,0,2006,439000,776902.59
2320,4960,5,3.5,2.0,0,0,1926,822500,839844.0
2350,51400,3,2.25,1.0,0,0,1977,462500,488453.06
4340,5500,4,3.5,2.0,0,0,2008,1280000,1134703.0
1480,7284,3,1.0,1.0,0,0,1963,336500,286883.01
830,1119,2,1.5,2.0,0,0,2005,329445,292765.45
920,7569,2,1.0,1.0,0,0,1950,202000,267863.16
2790,10289,4,2.5,2.0,0,0,1987,982000,660489.5
1220,6404,3,2.0,1.0,0,0,1994,249900,254984.54
1730,11986,3,1.75,1.0,0,3,1918,340000,463857.11
2760,3846,5,3.5,2.5,0,0,2013,424950,590518.51
3680,11648,4,2.5,2.0,0,0,1986,909000,839425.5
1620,4500,3,2.25,2.0,0,0,1926,800000,514899.0
2550,39460,4,1.75,1.0,0,0,1982,550000,595563.02
2730,35100,4,2.25,2.0,0,0,1977,500000,663641.88
1690,5080,3,1.75,1.0,0,0,1976,349000,290112.25
2410,8447,4,1.75,2.0,0,3,1936,550000,658575.0
1010,8108,3,1.5,1.0,0,0,1954,405500,242680.0
2840,228690,6,2.0,1.5,0,0,1948,640000,568925.08
1370,6780,3,1.0,2.0,0,0,1930,335500,401150.38
2930,14980,6,3.75,2.0,0,3,2013,915000,970913.5
1600,7500,3,1.5,1.0,0,0,1966,405000,301645.25
1060,10464,3,1.5,1.0,0,0,1973,303500,303679.53
2490,8124,4,2.5,2.0,0,0,2001,306000,451078.0
1850,7875,3,2.5,1.0,0,0,1968,260000,423012.04
710,4725,1,1.0,1.0,0,0,1939,264000,267910.67
720,6400,2,1.0,1.0,0,0,1943,285000,264518.35
2340,5080,4,1.75,1.0,0,0,1924,570000,735122.0
1310,8100,3,1.5,1.0,0,0,1965,290000,293917.72
2600,10660,4,2.25,2.0,0,0,1979,817000,578544.36
860,9403,3,1.0,1.0,0,0,1942,399000,215649.4428571429
2150,13789,3,1.75,1.0,0,0,1966,450000,488853.25
580,7200,1,1.0,1.0,0,0,2000,315000,355489.58
1620,5108,3,1.5,1.0,0,0,1954,499100,483529.9
1870,8750,4,2.0,1.0,0,2,1977,245000,422335.04
2020,10332,4,1.75,1.0,0,0,1954,240000,477375.5
2200,6750,4,2.25,1.0,0,0,1959,376000,492685.5
3710,13874,5,2.75,1.5,0,3,1977,1250000,1106580.0
2680,16934,4,2.75,1.0,0,0,1958,445000,616866.5
1790,7679,3,1.75,1.0,0,0,1953,382000,410202.5
2040,7600,4,2.25,1.0,0,0,1978,272000,348401.15
8010,45517,5,5.25,2.0,1,4,1999,5110000,2917450.0
1810,9845,3,2.25,1.0,0,0,1959,713400,461599.5
2240,8664,4,2.5,1.0,0,0,1975,790000,553811.88
1070,4500,2,1.0,1.0,0,0,1937,415000,419636.17
2100,6874,3,1.75,1.0,0,0,1943,580000,524739.41
3340,9800,4,2.5,2.0,0,0,2014,810000,775460.79
2660,10452,4,2.5,2.0,0,0,1993,755000,571996.0
2150,7944,4,2.5,2.0,0,0,1990,300499,431444.78
1310,8160,3,1.5,1.0,0,0,1950,365000,480575.9
1090,10481,2,1.0,1.0,0,0,1981,405000,239352.0
1050,5233,3,1.0,1.0,0,0,1906,206000,334715.46
1390,5127,3,2.0,1.0,0,0,1990,297950,314653.28
1010,3060,3,1.0,1.5,0,0,1904,345000,388307.5
1480,383328,3,1.75,1.5,0,0,1980,560000,411315.0
2480,14141,3,3.0,1.0,0,0,1994,390000,507389.2
1060,6954,3,1.5,1.0,0,0,1983,275000,278226.6166666667
880,3300,2,1.0,1.0,0,0,1909,460000,420520.0
1260,1270,3,1.5,2.0,0,0,2005,245000,354806.0
1782,1577,3,2.5,3.0,0,0,2000,326000,573296.99
1530,10300,3,1.75,1.0,0,0,1978,370000,322730.0
2080,5562,4,2.5,2.0,0,0,2001,601000,397445.65
1230,8056,3,1.5,1.0,0,0,1949,150000,405340.8333333334
1170,4635,2,1.75,1.0,0,0,1924,480000,514417.55
1160,18055,3,1.0,1.0,0,0,1950,182000,416423.4
1260,5000,2,1.0,1.0,0,0,1951,436500,453083.9
3430,7508,4,2.5,2.0,0,0,1998,813000,806556.5
1110,1189,2,1.5,3.0,0,0,2000,371000,329116.08
2740,7140,4,2.5,2.0,0,0,1993,651000,546139.0
1170,1890,2,2.0,1.5,0,1,1927,613000,524243.4
1730,8490,3,2.5,1.0,0,0,1969,460000,374603.5
720,4323,2,1.0,1.0,0,0,1942,405000,283225.0
1150,4945,3,1.0,1.0,0,2,1943,480000,375680.9
1670,4572,3,2.0,1.5,0,0,1931,585000,575291.04
2656,21195,4,2.75,2.0,0,0,2014,495000,577009.75
1397,18000,3,1.75,1.0,0,0,1965,257000,331066.7
2290,9158,3,2.5,2.0,0,0,1984,822000,652957.07
2490,23891,3,2.5,2.0,0,0,1993,700000,534267.0
680,5250,2,1.0,1.0,0,0,1922,500000,177024.5
2880,20274,5,2.75,1.0,0,3,1959,1800000,902158.5
2730,10753,4,2.5,2.0,0,0,1991,756000,670481.0
2350,2390,2,2.5,3.0,0,2,2007,1050000,825580.0
840,9480,3,1.0,1.0,0,0,1960,86500,180985.5
1790,7879,3,2.0,1.5,0,0,1998,258000,323689.38
3160,7210,4,2.5,1.0,0,0,1969,467500,905023.0
3110,7231,4,3.0,2.0,0,0,1997,367500,716963.02
1970,8925,5,1.75,1.0,0,0,1977,255000,368618.26
1500,5393,4,2.25,2.0,0,0,1999,210000,274554.7
1400,1262,2,2.5,2.0,0,0,2008,299000,424011.4
1020,5000,2,1.0,1.0,0,0,1916,505000,386563.45
1880,5502,3,2.5,2.0,0,0,1988,485000,412624.85
2140,8162,4,1.75,1.0,0,0,1968,292500,421942.75
1540,8400,3,2.0,1.0,0,0,1968,529950,434169.85
2430,11870,4,2.5,1.0,0,0,1968,605000,640488.89
2860,6600,4,2.5,2.0,0,0,2000,666500,569951.8
1110,26051,2,1.0,1.0,0,0,1951,250000,313661.5
2440,3080,5,2.0,2.0,0,0,1910,1010000,924978.75
2870,9292,4,2.5,2.0,0,0,1979,399000,701899.32
4110,35741,3,2.5,2.0,0,0,1976,1030000,884815.0
1440,10500,3,2.25,1.0,0,0,1983,246000,325442.5
3290,6465,4,2.5,2.0,0,0,2002,716500,711006.08
2350,3904,4,2.5,2.5,0,0,1999,400000,584565.0
2180,10221,3,1.75,1.0,0,2,1946,705000,860822.5
1200,9266,3,1.75,1.0,0,0,1960,235000,278658.0
1800,3780,5,2.75,1.5,0,0,1926,533000,674918.28
710,6000,1,1.0,1.5,0,0,2015,385195,387913.54
1980,13132,5,2.25,1.0,0,0,1962,307700,435134.5
3100,9825,5,2.75,2.0,0,2,1950,700000,996625.5
1480,7749,3,1.5,1.0,0,0,1960,446450,372937.48
2300,19250,4,2.5,1.0,0,0,1955,450000,753374.5
2280,7500,4,2.25,1.0,0,0,1963,335000,440179.5
1510,6600,3,1.5,1.0,0,0,1938,199950,397759.625
1930,15531,4,1.5,2.0,0,0,1979,275000,403924.23
1310,9282,3,1.75,1.0,0,0,1976,437000,296743.88
3290,14134,5,3.0,1.0,0,0,2004,695000,643420.07
5490,19897,5,6.0,2.0,0,0,2005,3640000,1578309.5
1410,9150,3,1.75,1.0,0,0,1959,365000,290566.5
1730,15003,3,1.75,1.0,0,0,1980,335000,433969.0
1600,7711,3,1.75,1.0,0,0,1999,268000,300798.5
1360,1041,3,2.25,2.0,0,0,2006,399950,432229.5
1870,6000,4,2.0,1.5,0,0,1956,310000,432195.49
700,4350,2,1.0,1.0,0,0,1943,328000,320612.16
1530,3400,3,2.0,1.0,0,0,1907,529000,546611.91
2630,16475,4,2.0,2.0,0,0,1953,843500,617606.12
2040,8996,5,1.75,1.0,0,2,1962,561750,691817.76
1110,957,2,1.5,2.0,0,0,2005,499000,357064.06
2030,11375,4,2.5,1.0,0,0,1969,385000,472729.0
1870,1436,3,2.5,2.0,0,0,2004,289950,437505.89
1380,7500,3,1.75,1.0,0,0,1988,240000,273518.5
3980,10249,4,3.25,2.0,0,0,2011,1770000,1091686.99
3270,168000,3,2.25,2.0,0,0,1982,750000,665418.0
1360,13000,3,1.0,1.0,0,0,1945,630000,310706.0
1040,7500,3,1.0,1.0,0,0,1954,172500,252020.56
1930,5080,3,2.5,2.0,0,0,1990,533600,437912.88
1550,50094,4,1.75,1.0,0,3,1967,330000,403465.08
2790,43091,4,2.5,2.0,0,0,1989,665000,643501.26
4960,6000,4,4.25,2.5,0,0,1909,1430000,1886630.0
3190,49137,3,2.5,2.0,0,0,1988,760750,695116.2433333334
1350,7085,3,1.0,1.0,0,0,1944,427500,358622.5
750,20339,1,1.75,1.0,0,0,1946,355000,235246.0
3880,13095,3,4.0,2.0,0,3,2009,1030000,1216616.5
1600,10280,3,1.75,1.0,0,0,1977,442500,348395.0
1820,6848,3,2.5,1.0,0,0,1953,875000,462409.98
960,21850,2,1.0,1.0,0,0,1947,242000,287226.0
4115,7910,5,3.25,2.0,0,0,2014,988830,983760.56
1850,5775,3,1.0,2.0,0,0,1928,330000,659627.24
1850,5040,4,2.5,1.0,0,0,1930,449000,484693.0
1500,7420,3,2.5,1.0,0,0,1972,379000,406788.3
1520,8800,4,1.5,1.0,0,0,1960,230000,346081.8525
1020,1204,3,2.0,2.0,0,0,2004,238000,320886.15
1190,6200,2,1.0,1.0,0,0,1948,295950,345162.5
4410,57063,5,3.5,2.0,0,0,1990,1100000,997963.0
2100,50965,4,1.75,1.0,0,0,1959,457000,471224.0
1290,6272,2,1.0,1.0,0,0,1922,492000,454837.75
1870,5455,3,2.0,1.0,0,0,1926,521000,601059.03
2560,117176,3,2.25,1.0,0,0,1977,465000,565295.9
1890,9920,3,1.75,1.0,0,0,1944,385000,438816.1433333333
2130,219978,3,2.5,2.0,0,0,1986,515000,500992.0
3940,9671,3,2.75,1.0,0,4,1967,1450000,1351650.0
1760,6204,4,1.75,1.0,0,2,1950,343500,488649.99
1040,16986,3,1.0,1.0,0,0,1968,314950,300246.65
2000,10890,4,1.75,1.0,0,0,1961,335000,433252.29
1350,7216,3,2.0,1.0,0,0,1964,400000,414334.5
1370,4000,4,2.0,2.0,0,0,1951,605004,502364.9
1560,8820,4,2.75,1.0,0,3,1979,259900,447574.52
1770,5855,4,2.5,2.0,0,0,2003,248000,315908.21
4270,43386,4,2.5,1.0,0,0,1991,975000,964402.5
1520,5750,3,2.25,2.0,0,0,1908,672600,589316.91
2100,8163,3,2.25,2.0,0,0,1984,299900,517775.65
720,4840,2,1.0,1.0,0,0,1947,235000,268709.5
1600,5969,2,2.0,1.0,0,0,1950,523500,501696.0
1510,7884,3,2.0,1.0,0,0,1942,332000,380484.83833333326
2210,13721,4,2.5,2.0,0,0,2009,353000,423970.5
1160,7491,3,1.0,1.0,0,0,1917,417500,307638.5
1080,6760,2,1.5,1.0,0,2,1923,440000,375680.0
1400,10052,2,2.0,1.0,0,0,1957,431750,369698.87
2390,34041,3,2.5,1.0,0,0,1984,339950,524920.0
460,4120,1,1.0,1.0,0,0,1937,247000,217114.51
1410,8088,3,2.0,1.0,0,0,1987,410000,246589.5
2210,10794,3,2.25,1.0,0,0,1967,245000,545316.32
2210,13500,5,2.75,1.0,0,0,1963,314000,435332.46
3390,7870,4,2.5,2.0,0,0,2014,495000,815912.9
2530,5650,4,2.0,1.5,0,0,1910,631500,783201.0
840,5400,2,1.0,1.0,0,0,1948,389100,301884.0
1320,5750,3,1.75,1.5,0,0,1918,660000,452318.84
2570,13054,5,2.25,1.0,0,1,1950,519000,833392.0
2060,4437,3,2.0,1.0,0,0,1929,460000,654549.5
2160,35183,2,2.0,1.0,0,0,1985,381500,459450.0
3160,9525,4,3.75,2.5,0,0,1997,1380000,861713.52
700,6046,2,1.0,1.0,0,0,1950,247500,265943.43
3260,58806,5,3.5,2.0,0,0,1969,568450,1255846.0
1180,22000,1,1.0,1.0,0,2,1948,229500,375634.23
2570,4240,6,2.0,1.5,0,0,1911,705000,686925.0
1980,11274,3,1.75,1.0,0,0,1968,299950,411254.35
2820,8408,4,2.5,2.0,0,0,2014,625000,696784.38
2180,40278,3,2.5,2.0,0,0,1985,580000,505558.0
1140,5100,2,1.0,1.0,0,0,1942,400000,422678.35
2760,5000,4,2.5,1.5,0,0,1928,734200,735394.75
3970,4500,5,4.25,2.0,0,0,2004,811500,874337.0
5790,13726,5,3.25,2.0,0,3,2014,1240000,1753559.5
2242,4500,3,2.5,2.0,0,0,2014,309780,422795.665
2280,3800,4,2.5,2.0,0,0,2006,305000,355627.2
2410,10763,6,2.75,1.0,0,0,1957,320000,512038.62
1520,15090,3,1.75,1.0,0,0,1968,290000,438116.8
1670,4600,4,1.0,1.5,0,0,1906,875000,672688.0
1820,8409,2,1.75,1.0,0,0,1948,345000,509423.6
2540,40106,3,2.5,2.0,0,0,1991,510000,561909.4
1440,8040,3,1.75,1.0,0,0,1951,315275,437442.4
2640,8000,3,1.75,1.0,0,3,1960,1030000,660500.44
3290,6830,3,2.5,2.0,0,0,2000,930000,718207.34
820,288367,2,1.0,1.0,0,0,1930,295000,321707.68
2150,7670,4,2.5,1.0,0,0,1976,229950,452462.41666666674
1680,6834,4,1.75,1.5,0,0,1948,375000,433467.0
2570,4000,4,3.0,2.0,0,0,1909,1180000,891162.5
1940,6440,3,2.0,1.0,0,2,1940,651000,601155.52
1190,14777,3,1.75,1.0,0,0,1965,195000,306095.66
2242,37451,4,2.5,2.0,0,0,1995,490000,472973.08
1820,5400,4,1.0,1.5,0,0,1923,1010000,524381.52
3270,45537,4,2.5,2.0,0,0,1993,735000,759449.5
1490,8000,3,1.75,1.0,0,0,1978,275000,228754.0
1870,4950,2,2.0,1.0,0,0,2006,559950,517278.95
1450,6250,4,1.0,1.0,0,0,1964,277000,264744.31
2120,9736,3,2.5,2.0,0,0,1988,531000,443814.66
3190,16920,5,2.75,1.0,0,3,1976,1030000,982775.0
3920,4832,5,3.25,2.0,0,0,2014,616200,942671.77
3440,10628,3,2.25,2.0,0,2,1985,855000,839480.0
2000,6120,4,1.75,1.0,0,0,1965,228000,372454.19
3580,16789,5,2.25,2.0,0,0,1966,1410000,779488.0
2630,7505,4,2.75,2.0,0,0,1994,725000,543496.75
2390,9600,4,2.5,2.0,0,0,1996,314500,502103.99
2160,4086,3,2.75,1.0,0,0,1987,528000,483912.72
3690,32044,2,2.75,2.0,1,4,1989,1900000,2039900.0
1500,1249,3,3.5,2.0,0,0,2004,489000,495024.56
2600,105587,3,1.75,1.0,0,0,1980,482000,489944.4
3440,35021,4,3.25,2.0,0,0,1983,1050000,788979.5
900,8000,2,1.0,1.0,0,0,1954,185000,269552.61
2110,10200,3,1.75,2.0,0,0,1966,305495,523633.1
1240,2150,2,1.25,2.0,0,0,2014,545000,272405.78
840,7870,2,1.0,1.0,0,0,1949,251000,331563.0
2160,9000,3,1.5,1.0,0,2,1949,650000,786736.0
2710,45963,4,2.75,2.0,0,0,1995,535000,619022.5
4740,126759,4,3.75,2.0,0,0,1991,1050000,1158849.0
2260,1825,3,3.0,2.0,0,0,2002,660000,634226.5
2290,8250,4,3.0,2.0,0,0,1990,328500,446336.96
1960,3748,5,1.75,1.0,0,0,1965,415000,473906.0
2200,8375,3,2.25,2.0,0,0,1988,285167,475587.15
2330,4284,3,3.0,2.0,0,0,2004,453000,531180.67
1580,9147,3,1.75,1.0,0,1,1967,515000,367885.02
1040,4000,2,0.75,1.0,0,0,1909,550000,448355.0
1910,10221,4,2.5,2.0,0,0,1994,369950,404356.49
1450,4106,3,2.5,2.0,0,0,2011,279000,288719.45
1670,8511,3,1.75,1.0,0,0,1985,260000,331973.5
1150,30184,2,1.0,1.0,0,0,1950,129000,348194.5
1610,4104,2,1.75,1.0,0,0,1996,397000,426395.08
1850,8667,3,1.75,1.0,0,0,1982,450000,324972.23
2670,5001,4,3.25,1.0,0,0,2013,500000,571748.71
3470,70131,4,2.75,1.0,0,0,1962,772000,837749.5
4660,21164,3,3.5,2.0,1,4,1975,1640000,3132300.0
1530,6773,3,2.0,1.0,0,0,1984,595000,297293.65
2190,12626,3,1.75,2.0,0,0,1978,340000,446669.93
2570,6251,4,2.5,2.0,0,0,2000,1170000,484213.5
1490,9800,3,1.75,1.0,0,0,1947,745000,415343.38
2208,5000,4,2.0,3.0,0,0,1917,650000,862789.82
1780,16000,3,1.5,1.0,0,0,1960,279000,340330.36
1400,1512,2,2.0,2.0,0,0,2006,553000,439509.2
1860,15559,3,2.25,2.0,0,0,1963,380000,360063.53
1180,932,3,2.5,3.0,0,0,2010,455000,445414.3
2660,10637,5,1.75,1.5,0,0,1922,760000,569215.5
2560,12480,5,3.0,1.0,0,0,2012,565000,537285.43
1650,6000,4,2.0,1.0,0,0,1959,445000,387601.68
1210,1278,2,1.5,2.0,0,0,2007,414500,398100.76
1570,1050,3,1.5,2.0,0,0,1915,792000,534255.0
1330,14560,3,1.75,1.0,0,0,1983,475000,353661.0
1250,7680,2,1.75,1.0,0,0,1922,400000,388650.2
770,850,2,1.5,2.0,0,0,2006,290000,308796.65
3040,36721,6,2.75,1.0,0,3,1958,799950,1156020.0
2350,6624,4,2.5,2.0,0,0,1990,561600,444896.0
1690,1553,3,2.5,2.5,0,0,2007,640000,479839.6
1840,5680,3,2.5,2.0,0,0,2008,435000,362616.45
2930,14057,2,2.0,1.0,0,2,1980,545000,681929.1533333334
1830,4500,3,1.75,1.5,0,0,1909,518000,706443.7
760,40039,3,1.5,1.0,0,0,1906,190000,345683.0
2060,47318,3,2.25,1.0,0,2,1976,335000,635323.5
1660,15000,3,2.5,1.0,0,0,1970,432000,435922.0
2560,16420,3,2.5,2.0,0,0,1989,470950,538075.0
2200,7278,3,2.5,2.0,0,0,1990,349900,373195.705
1650,7200,4,1.75,1.0,0,0,1977,255000,352642.49
1720,7560,4,2.0,1.0,0,0,1959,206000,420699.0
930,36478,2,1.0,1.0,0,2,1951,675000,290520.82
2025,7760,5,2.5,2.0,0,0,2007,260000,351134.0
2590,10890,6,2.5,1.0,0,0,1970,250000,571156.5
1650,10150,3,1.75,1.0,0,0,1976,539900,394392.5
2430,88426,3,2.5,1.0,0,0,1985,452500,599330.0
4360,91158,4,3.25,1.0,0,0,1993,795127,878121.0
2280,2502,3,2.5,2.0,0,0,2006,567500,562148.5
2750,12350,5,2.5,2.0,0,0,1987,357000,712172.12
1810,6509,4,2.5,2.0,0,0,1994,270000,310772.5
2390,7939,3,2.75,1.0,0,0,1983,405300,412907.35
3180,6105,4,2.25,2.0,0,0,1905,1320000,1329619.5
2150,9900,3,2.25,1.0,0,0,1977,458000,528823.01
920,8400,3,1.0,1.0,0,0,1963,206000,218399.5
1590,5400,4,2.0,1.0,0,2,1900,783200,521333.31
2020,2750,3,2.25,2.0,0,0,2008,430000,502049.94
1280,5000,3,1.5,2.0,0,0,1985,187000,231926.08
2470,9328,6,3.0,2.0,0,0,1982,630000,558316.1
2420,5006,4,2.5,2.0,0,0,2013,505000,479354.47666666674
2510,5400,3,2.5,2.0,0,0,1992,550000,584423.0
1790,42399,3,2.0,1.0,0,0,1990,280000,393525.5
1590,6420,3,1.0,1.0,0,0,1944,529000,423227.5
1320,5665,3,2.0,1.0,0,0,1986,225000,261183.16
750,6089,2,1.0,1.0,0,2,1937,213000,277900.0
1860,7350,4,1.75,1.0,0,0,1977,250000,387797.5
1830,5720,4,2.25,2.0,0,0,2003,295000,305352.0
1590,4000,3,1.75,1.0,0,2,1957,267500,465530.0
920,20412,3,0.75,1.0,1,2,1950,530000,289844.08
2900,23550,3,2.5,1.0,0,0,1987,770000,727941.91
1300,5000,3,1.75,1.0,0,0,1964,249000,365675.0
1950,10219,4,1.75,1.0,0,0,1962,395000,364171.2
2560,12760,4,2.5,1.0,0,0,1949,790000,738708.58
940,8384,2,1.0,1.0,0,0,1947,121800,301344.5
2632,4117,4,2.5,2.0,0,0,2013,349950,470611.72
1740,5719,2,1.0,1.0,0,0,1955,800000,434738.44
3910,59863,4,3.5,2.0,0,0,1987,780000,872639.5
1300,1676,2,1.5,1.0,0,2,1943,685000,418204.5
840,40642,2,0.75,1.0,1,4,1937,528000,342410.64285714284
3850,9457,5,3.0,2.0,0,0,1963,925000,1009905.0
1630,9145,3,2.25,1.0,0,0,1960,203000,385881.21
1670,4996,2,2.0,1.0,0,0,2004,554000,476348.33
2100,4750,4,1.75,1.0,0,0,1975,759000,406588.725
2890,21780,3,2.5,2.0,0,0,2000,421000,649328.64
1210,33919,3,1.0,1.0,0,0,1954,290000,322860.0
1270,7198,3,2.0,1.5,0,0,1916,247000,427683.5
1270,1323,3,2.0,3.0,0,0,2006,360000,375095.0
2610,4400,4,2.75,1.0,0,0,1920,890000,750748.5
2655,5080,3,2.5,2.0,0,0,2013,409950,596619.15
1320,7695,3,1.5,1.0,0,0,1959,275000,417441.0
5570,9600,5,3.25,2.0,0,0,1952,1860000,1805800.0
2090,4000,4,2.0,1.0,0,0,1951,513000,591575.74
2170,8396,3,2.75,2.0,0,0,1995,353000,437081.67
2440,10200,5,3.5,2.0,0,0,1974,519950,694654.7
1990,3984,3,2.5,2.0,0,0,2004,560200,406145.0
750,4515,2,1.0,1.0,0,0,1942,263500,318884.0
2050,94525,4,1.75,1.0,0,0,1959,455000,486695.5
2090,12750,4,1.75,1.0,0,0,1967,290000,444275.26
2130,6150,3,3.5,2.0,0,2,1908,819000,862167.09
2690,5564,4,3.5,2.0,0,0,2007,359950,528195.02
1840,10500,3,2.25,2.0,0,0,1993,481500,416886.17
2380,20277,4,3.0,1.0,0,0,1999,340000,502283.9
1210,103237,3,1.0,1.0,0,0,1918,160000,352779.0
1530,17664,4,1.75,1.5,0,0,1968,302000,421871.5
960,1716,2,1.0,1.0,0,0,1951,319000,322201.49
2030,39049,4,2.5,1.0,0,0,1953,515000,493228.5
2760,4000,5,2.5,1.5,0,0,1926,575000,656592.5
910,7194,3,1.0,1.0,0,0,1971,182500,270380.0
2740,12413,5,2.5,2.0,0,0,1990,386000,662416.38
2610,7510,3,2.5,2.0,0,0,1996,725000,629018.0
1230,7420,3,2.25,1.5,0,0,1913,200000,375689.2
1430,5200,3,1.5,1.0,0,0,1977,195000,255424.06
2870,7288,3,2.5,2.0,0,0,2012,650000,610007.56
901,1245,2,1.5,3.0,0,0,2001,435000,308847.15
1340,5100,3,1.75,1.0,0,0,1953,397000,431239.45
1650,6400,3,1.0,1.0,0,0,1954,371500,443566.24
2670,10338,3,2.5,2.0,0,0,1987,749000,657077.9
2500,10890,4,2.25,1.0,0,0,1978,488000,629704.8
1000,12070,3,1.0,1.0,0,0,1968,204000,237440.53
2920,33976,4,3.0,1.0,0,3,1964,1050000,915153.5
1150,7486,3,1.0,1.0,0,0,1970,325000,262520.64
2810,7140,4,1.5,1.0,0,2,1954,575000,694694.64
1340,8505,3,2.0,1.0,0,0,1931,215000,371073.3
1600,1298,3,3.25,3.0,0,0,1999,350000,436296.0
1140,1557,3,2.25,3.0,0,0,2007,375000,358717.09
1350,8700,3,1.0,1.5,0,0,1942,160000,334347.5
3390,10078,3,3.5,2.0,0,0,2012,750000,819973.99
2380,19860,3,2.5,2.0,0,0,1995,582000,461890.0
1890,7200,4,2.5,1.0,0,0,1978,506500,321018.5
1640,8301,3,1.5,1.0,0,0,1958,365000,361439.0
1800,12485,4,1.0,1.0,0,0,1955,425000,333764.3333333333
1850,7199,4,2.5,2.0,0,0,1989,305500,328510.2
1778,147823,3,2.5,2.0,0,0,1999,435000,448998.0
3320,8587,4,3.25,3.0,0,0,2008,1000000,930705.62
2200,5207,4,2.75,1.0,0,0,1951,370000,599470.06
2440,6651,4,2.5,2.0,0,0,2014,631625,468032.33
3720,8633,4,2.5,2.0,0,0,1999,820000,832941.0
1360,1488,3,1.5,2.0,0,0,2003,396500,411829.2
1020,5410,3,1.0,1.0,0,0,1928,505000,416318.55
2370,4200,3,2.5,2.0,0,0,2014,351999,412737.0441666667
2130,3825,3,1.0,1.5,0,0,1917,335000,511114.5
1030,11118,3,2.0,1.0,0,0,1970,240000,290052.27
2810,13144,5,2.75,1.0,0,0,1964,555000,698711.32
910,3880,3,1.0,1.0,0,0,1942,465000,397931.25
2460,11250,4,2.25,1.0,0,0,1959,276000,645253.67
2140,5000,2,1.75,1.0,0,0,1930,675000,635535.04
1680,4950,2,2.0,1.0,0,0,2006,530000,500268.5
3050,33920,3,2.5,1.0,0,0,2004,840000,678646.2166666666
1840,6000,3,2.0,2.0,0,0,1946,778000,529261.78
1970,23180,3,2.5,1.0,1,4,1937,1180000,621066.44
1930,12443,3,2.0,1.0,0,0,1969,390000,456809.0
1630,4473,4,2.5,2.0,0,0,2003,312900,351885.0
3450,15586,3,3.25,2.0,0,0,1989,755000,782418.5
1400,5000,2,1.5,1.0,0,0,1904,515000,494928.14
1020,5000,3,1.75,1.0,0,0,1954,285000,231675.54
2300,10880,4,2.5,1.0,0,0,1961,440000,565641.08
1030,4366,2,1.0,1.0,0,0,1912,410000,427055.65
1580,5250,3,1.0,1.0,0,0,1954,299950,471953.5
2070,10908,3,2.5,2.0,0,0,1986,567000,485020.28
1550,3402,3,2.5,2.0,0,0,2009,273500,302809.25
1580,10100,3,1.5,1.0,0,0,1961,296500,324361.75
1430,6380,4,1.5,1.5,0,0,1930,574500,444044.13
1510,5319,2,1.75,2.0,0,0,1978,406500,388277.56
1790,7203,4,2.25,1.0,0,0,1973,430000,451930.9
2970,12750,4,2.75,1.5,0,1,1918,1570000,898385.0
2200,11250,4,2.25,1.5,0,0,1920,698000,599496.0
1670,3000,6,2.0,1.0,0,0,1911,680000,522103.81
1610,11201,4,2.75,1.0,0,0,1982,575000,376582.09
1340,3011,3,2.5,2.0,0,0,1995,230000,383055.7
1180,16552,3,1.75,1.0,0,0,1967,390000,342416.5
3280,24440,4,2.75,2.0,0,0,1996,862500,715394.95
1310,169448,3,2.0,1.0,0,0,1962,300000,336988.3
1900,10226,5,1.5,1.0,0,0,1961,415000,354306.25
1760,8400,3,1.75,1.0,0,0,1960,680000,369975.45
1390,3708,4,1.0,1.5,0,0,1926,610000,542096.5
1330,16000,3,1.75,1.0,0,0,1978,180000,274341.3
5230,17826,3,4.5,2.0,1,4,2005,3400000,2812550.0
1590,10229,3,2.0,1.0,0,0,1966,395000,334932.25
3500,43560,4,3.5,2.0,0,0,2014,998000,1028770.22
3400,38400,3,2.5,1.0,0,4,1955,825000,964205.0
3770,982998,4,3.25,2.0,0,0,1992,998000,739606.5
1970,3515,4,2.0,1.0,0,0,1969,535000,461940.5
1900,10454,3,1.75,1.0,0,0,1978,405000,381146.4
2240,7565,3,2.5,2.0,0,0,1999,349950,426046.0
1680,5756,2,2.0,2.0,0,0,1910,210000,626009.25
2260,29930,4,2.25,2.0,0,0,1977,599000,584440.34
1300,2446,3,1.75,1.0,0,3,1961,676500,441997.75
3060,11778,5,3.25,2.0,0,0,2004,708000,700754.51
1600,6180,4,1.5,1.5,0,0,1946,425000,485508.5
730,5005,1,1.0,1.0,0,0,1945,306950,281369.88
720,4222,2,1.0,1.0,0,0,1942,151000,291201.0
4190,15724,4,3.5,2.0,0,2,1994,1160000,1203663.44
1790,8203,3,1.5,1.5,0,1,1910,544000,443645.76
1880,5450,3,1.0,1.5,0,0,1924,1000000,609249.56
1730,38884,3,2.0,1.0,0,0,1997,470000,413630.0
1780,15648,4,2.0,1.5,0,0,1918,1000000,373440.5
2340,6183,3,2.25,1.0,0,0,1929,510000,672380.15
1350,7560,3,1.0,1.0,0,0,1959,240000,306797.0
2710,14016,4,3.5,2.0,0,0,1968,502700,675111.0
1310,8454,4,2.0,1.0,0,0,1953,304000,316264.0
2400,3118,5,3.25,2.0,0,0,1928,700000,865703.25
4850,36450,5,4.0,2.0,0,0,1977,975000,1031065.0
1230,1238,3,2.25,2.0,0,0,2009,435000,401765.8
2140,40098,3,1.75,1.0,0,0,1950,507000,483510.46
1170,1011,2,2.25,2.0,0,0,2009,336750,426601.86
1880,7208,2,1.75,1.0,0,0,1951,340000,500095.5
1560,2198,3,3.5,2.0,0,0,2006,560000,390701.9
700,5940,2,1.0,1.0,0,0,1948,282150,260695.4
2000,9900,3,1.75,1.0,0,2,1957,440000,577176.26
1200,7200,3,1.0,1.0,0,0,1977,210000,241951.69666666666
3430,13907,4,2.75,2.0,0,0,1995,750000,797888.5
1840,5101,3,1.75,1.0,0,0,1952,411715,499279.16
1690,13825,3,1.0,1.0,0,0,1955,257500,326745.0833333333
1200,9000,2,1.0,1.0,0,0,1958,179950,236218.5
2510,7525,5,2.5,1.5,0,0,1929,400000,609563.0
1200,7000,3,1.0,2.0,0,0,1908,130000,415618.0
1900,10297,4,1.75,1.0,0,0,1966,566000,392198.5
1730,6653,3,2.5,1.0,0,0,1990,269000,289637.8
2160,59241,3,2.5,1.0,0,0,2007,389900,554482.0
3950,9520,5,3.0,1.0,0,0,1953,1270000,1007848.5
1110,5421,1,1.0,1.0,0,0,1935,293000,446024.5
1520,1245,3,2.25,3.0,0,0,2004,405000,454246.56
1350,187313,3,2.5,1.0,0,0,1997,600000,369652.0
2270,7375,4,2.75,1.0,0,0,1973,498000,421478.5
1160,16008,4,2.5,1.0,0,0,1989,415000,366076.4
1550,4815,4,2.0,1.5,0,0,1909,613000,567392.1
1530,7500,3,1.5,1.5,0,0,1986,265000,284932.5
1830,94960,5,1.5,1.5,0,0,1929,220000,423579.5
1940,37565,3,2.5,1.0,0,0,1987,500000,454363.98
2140,49658,4,1.75,1.0,0,0,1959,360000,490927.75
1170,1274,2,1.5,3.0,0,0,2001,405000,387941.0
2510,6000,5,1.75,1.5,0,0,1920,860000,653898.0
1150,8050,3,1.0,1.5,0,0,1956,123300,333079.5
2100,7335,3,2.25,2.0,0,0,1983,492000,519198.2416666667
2970,6500,5,3.0,2.0,0,0,2000,680000,580407.4
1370,10115,3,1.5,1.0,0,0,1957,264950,364626.47
1430,4777,3,2.25,2.0,0,0,2010,355000,378325.0
1390,5544,2,1.0,1.0,0,0,1947,510000,417040.2
2020,9718,3,1.75,1.0,0,0,1956,677500,520899.88
770,8149,2,1.0,1.0,0,0,1948,275000,269190.94
960,6400,3,1.0,1.0,0,0,1944,289500,290677.85
1990,10260,3,2.25,2.0,0,0,1987,675000,473149.75
2870,8170,3,2.25,2.0,0,0,1995,850000,649247.5
1610,14046,3,2.0,2.0,0,0,1933,259000,351135.4
2643,5750,4,2.5,2.0,0,0,2012,376950,441679.06
960,7314,3,1.0,1.0,0,0,1960,205000,222443.0
1510,3413,3,2.0,2.0,0,0,1985,230000,525579.65
1460,22651,3,1.75,1.0,0,0,1961,395000,314384.5
1880,10032,3,1.75,1.0,0,0,1984,681000,390080.8
2490,5647,4,2.5,2.0,0,0,2014,778983,486940.83
1830,12891,3,2.0,1.0,0,0,1994,336500,379364.0
1710,10190,3,1.0,1.0,0,0,1949,340000,366040.59
2870,26500,3,1.75,1.5,0,1,1948,525000,819575.1
1300,8160,3,1.0,1.0,0,0,1960,237000,274496.25
2360,11340,2,2.0,1.5,0,0,1997,1090000,469273.0
2340,7200,5,2.5,1.0,0,0,1975,475000,464987.5
2700,37011,4,2.75,2.0,0,0,1984,385000,712731.0
1550,9899,4,1.75,1.0,0,0,1967,229900,355427.0
1040,6800,3,1.0,1.0,0,0,1951,212000,352911.69
4870,11800,5,2.5,2.0,0,0,1983,722500,1282559.5
1680,35127,3,2.25,2.0,0,0,1987,285000,403693.495
4410,9231,4,3.75,3.0,0,3,2001,1440000,1444170.0
2550,13458,3,2.5,2.0,0,0,1990,715000,545723.5
4040,19700,4,3.0,2.0,0,0,1987,988000,1289115.0
3350,35298,4,2.5,2.0,0,0,1985,720500,758971.0
1180,900,2,1.75,2.0,0,0,2014,664950,548733.06
920,8612,2,1.0,1.0,0,0,1947,340895,249360.0
930,3100,2,1.0,1.0,0,0,1911,390000,440980.0
2820,25995,4,2.5,2.0,0,0,1998,545000,626171.38
3200,3250,4,3.5,2.0,0,0,2007,795000,1092607.4
1230,8636,4,1.0,1.5,0,0,1954,195500,497161.93
2310,3570,4,2.5,1.5,0,0,1927,700000,797408.7
2150,5100,4,2.5,1.5,0,0,1991,346500,466864.28
1980,2975,3,2.5,3.0,0,2,1993,736000,597861.5
1310,6000,4,1.0,1.5,0,0,1940,370000,361380.5
2490,11650,4,2.5,1.0,0,0,1990,270000,577604.7
2840,20242,4,2.25,1.0,0,0,1972,1150000,745663.78
1540,5920,4,2.0,1.5,0,0,1935,442500,503215.45
3160,6961,4,2.5,2.0,0,0,2005,697000,717545.41
1650,4725,3,2.5,2.0,0,0,2011,299000,344786.22
790,6969,2,1.0,1.0,0,0,1955,315000,236093.05
1060,5750,4,1.0,1.0,0,0,1904,403504,350262.82
2320,6400,3,1.75,1.0,0,2,1957,779000,558636.81
1370,8719,3,1.75,1.0,0,0,1982,247200,269244.88
2870,3225,4,3.5,2.0,0,3,2006,460000,829572.38
3060,5000,4,2.5,2.0,0,0,2006,710000,648251.86
2500,21780,3,2.5,1.0,0,0,1986,390000,627317.64
2270,7665,4,2.5,2.0,0,0,1986,732350,496626.88
1720,1715,3,2.5,2.0,0,0,2004,398000,407278.2
4250,4400,6,3.0,2.5,0,0,1902,665000,1614385.0
2180,4976,3,2.0,1.5,0,2,1930,555000,703271.0
1060,9123,3,1.0,1.0,0,0,1952,641200,337090.95
2060,7000,3,2.0,1.0,0,0,1988,574000,358743.1
1860,5321,3,2.5,2.0,0,0,2000,326995,382750.8
2590,4498,4,2.5,2.0,0,0,2004,700000,558162.9
1540,4773,3,1.5,2.0,0,0,1941,525000,503858.7
2490,8800,3,2.25,2.0,0,0,1975,590000,626321.76
4060,35621,4,3.0,1.0,0,0,1989,404000,928465.0
2300,5000,3,2.0,1.0,0,0,1938,650000,661459.53
3720,15200,5,4.0,2.0,0,0,2005,960000,954285.0
1430,53628,3,1.75,2.0,0,0,1985,520000,375468.0
1070,14000,3,1.0,1.0,0,0,1960,147000,302983.45
840,5700,3,1.0,1.0,0,0,1945,180000,284637.9
1380,4635,3,1.0,1.0,0,0,1919,475000,460435.6499999999
3730,9847,4,2.5,2.0,0,0,1997,840000,862502.0
1490,8475,3,1.5,1.0,0,0,1963,412500,355881.715
2200,14925,3,2.75,1.0,0,0,1982,432000,488047.5
3480,7232,4,3.5,2.0,0,0,1926,1510000,1479909.0
1190,7408,2,1.0,1.0,0,0,1941,229000,321630.43
2200,3885,3,2.75,2.0,0,0,2002,572000,609093.5
1780,9794,4,1.75,1.0,0,0,1967,353000,516441.0
1790,3760,2,1.5,1.5,0,0,1928,460000,575253.4
1860,5750,3,1.75,1.5,0,0,1918,400000,631501.68
3650,5353,3,2.25,2.0,0,4,1947,920000,1247614.5
2750,128502,4,1.5,1.0,0,0,1958,550000,471091.84
1610,12247,3,1.75,1.0,0,0,1981,305000,392024.2
1660,37642,3,1.75,1.0,0,0,1991,315000,432060.0
2450,21000,4,2.25,1.0,0,2,1954,455000,795436.66
1680,10300,3,2.5,2.0,0,0,1994,262000,346532.99
2160,7737,5,2.5,2.0,0,0,1998,480000,361550.5
1810,7350,4,2.75,1.0,0,0,1980,272000,334544.0
2990,32239,3,2.5,2.0,0,0,1978,632925,737048.5
3610,7904,4,3.75,3.0,0,0,1994,830005,1123416.5
2240,4648,4,2.5,2.0,0,0,2005,287000,365525.0
1540,1044,3,1.75,3.0,0,0,2014,549000,559864.0
1940,9887,3,1.5,1.0,0,0,1969,232500,395731.0
1000,1075,2,1.5,2.0,0,0,2007,303000,326408.36
1570,7000,3,2.0,2.0,0,2,1971,765000,455131.5
980,12812,3,1.0,1.0,0,0,1956,218000,268547.5
2120,4370,3,1.5,1.5,0,0,1904,733500,576590.0
2590,7084,5,2.5,2.0,0,0,2014,779380,484258.6
2060,4080,3,2.0,1.0,0,0,1921,607000,610408.0
2130,4920,2,2.25,1.5,0,4,1941,730000,921783.5
2550,4000,4,1.5,1.5,0,0,1926,645000,844895.0
2660,22194,4,2.25,1.0,0,0,1977,625000,529197.52
820,6250,2,1.0,1.0,0,0,1922,375000,270709.8
1500,2106,4,1.5,2.0,0,0,2014,182568,419612.48
2510,3763,4,3.5,2.0,0,0,2013,680000,507383.05666666664
2770,9751,4,2.5,2.0,0,0,1989,347000,692058.5
3130,5795,4,2.5,2.0,0,0,2008,525000,502385.46
2510,3600,3,1.5,2.5,0,0,1907,675000,965434.75
1840,3300,2,1.0,1.5,0,0,1910,490000,613552.5
2750,5589,5,2.5,1.5,0,0,1910,915000,697756.25
1180,10200,2,1.0,1.0,0,0,1955,244000,347624.5
1530,8000,3,1.75,2.0,0,0,1978,474000,282512.5
1180,9265,2,2.0,1.0,0,0,1940,257500,360474.9
2495,4400,3,2.5,2.0,0,0,2007,276000,349263.66
2170,9900,3,2.5,1.0,0,0,1980,242050,542896.03
2390,6441,3,2.5,2.0,0,0,2002,349950,495381.5
2240,9886,4,1.75,1.5,0,0,1965,500000,645642.86
880,9238,3,1.0,1.5,0,0,1946,291500,264201.93
2240,7085,4,2.0,1.5,0,0,1944,395000,523200.31
2110,3000,4,3.25,2.0,0,0,2001,796000,595288.16
1560,2250,3,3.0,2.0,0,0,2009,503045,367899.4
2340,7877,4,2.5,2.0,0,0,2004,597000,403801.99
3300,7561,6,4.5,2.0,0,0,1980,510000,589328.5
1930,7267,3,1.75,1.0,0,0,1977,279950,482525.25
770,7200,2,1.0,1.0,0,0,1951,257000,235001.92
2460,4200,4,2.5,2.0,0,0,1998,611000,553026.2
2300,28480,5,2.5,2.0,0,0,1994,475000,495972.9
3280,6603,4,3.5,2.0,0,0,2007,963000,748926.61
1100,4160,2,1.0,1.0,0,0,1919,625000,394181.16
2510,4090,4,2.25,2.0,0,0,2012,410000,496782.51
3140,94525,4,2.5,2.0,0,0,1977,401500,667170.75
1510,6852,2,1.75,1.0,0,0,2005,449000,437750.0
1890,7867,4,2.5,2.0,0,0,1996,355000,318411.68
2980,53578,5,1.75,1.0,0,0,1976,575000,541327.08
2650,11250,3,2.5,2.0,0,0,2005,660000,753608.76
1500,2500,3,2.0,2.0,0,0,2002,505000,364931.05
1400,7880,3,2.75,1.0,0,0,1981,311000,306654.5
2240,7725,4,2.0,1.0,0,0,1956,450000,473034.5
1960,8846,3,2.0,1.0,0,3,1940,360000,578364.38
1660,2258,2,2.5,2.0,0,0,1981,160000,277285.4
1520,11067,3,2.0,1.0,0,0,1983,434900,450079.6
3000,5639,4,2.5,2.0,0,0,2008,759900,592589.52
2130,7111,5,2.5,1.0,0,0,1968,360000,477778.54
1280,9134,2,1.0,1.0,0,0,1919,340000,255126.0
1970,6295,3,2.5,2.0,0,0,2011,530000,436369.55
2040,7488,5,2.75,1.0,0,0,1969,449500,458125.75
2060,5000,4,2.0,1.0,0,0,1949,612500,597107.5
2610,22672,3,3.0,1.5,1,4,1952,1580000,1149731.8
1120,88327,2,1.0,1.5,0,0,1972,435000,289172.0
2030,17120,3,2.0,1.0,0,2,1966,295450,694837.88
2170,10500,4,2.25,1.0,0,2,1960,431000,528692.9
1980,4500,3,2.5,2.0,0,0,2012,317750,343630.59
2130,6003,4,2.5,2.0,0,0,2003,381000,357355.3
1370,5858,3,1.75,1.0,0,0,1987,257950,292060.0
2810,25990,4,2.25,2.0,0,0,1959,571500,640032.5
1720,99916,3,2.5,2.0,0,0,1990,365000,449290.38
2720,4000,4,3.25,2.0,0,1,2014,846000,683045.42
770,7000,3,0.75,1.0,0,0,1942,205000,252794.0
2390,9157,3,2.5,2.0,0,0,1984,735000,642208.56
1590,13000,3,1.0,1.5,0,0,1944,235000,329844.2
1420,5170,3,1.75,1.0,0,0,1963,461000,337662.46
4800,14984,5,3.5,2.0,0,2,1998,1350000,1232045.0
2880,5750,4,2.75,1.5,0,0,1928,920000,854763.5
1360,885,3,1.5,3.0,0,0,2008,359000,380376.38
2050,11856,3,1.75,1.0,0,0,1962,655275,453937.02
2700,3444,2,3.25,3.0,1,3,1990,1370000,1068170.375
1830,9601,4,2.5,2.0,0,0,2003,321000,367113.96
1040,10080,3,1.0,1.0,0,0,1959,184900,307618.59
1650,7800,3,2.25,1.0,0,0,1969,385000,412389.9
2400,5000,3,2.25,1.5,0,0,1926,575000,666034.0
1630,10304,3,1.0,1.0,0,0,1953,400000,371058.8
1120,8631,3,1.0,1.0,0,0,1942,311000,279833.9
3080,8163,6,2.5,1.0,0,0,1985,300000,601490.99
3090,13316,3,2.5,2.0,0,0,1992,751000,641584.48
4270,117176,4,3.5,2.0,0,0,2008,997950,1228817.0
3740,8700,4,2.5,1.0,0,0,2004,475000,835747.5
910,4500,2,1.0,1.5,0,0,1906,350000,450073.82
1860,12693,4,2.25,1.0,0,0,1978,266000,401292.93
3310,5000,3,3.25,2.0,0,0,2006,770000,774765.6
2760,11340,5,2.5,2.0,0,0,1978,380000,719894.0
3530,17450,3,2.25,1.0,1,3,1930,2370000,1939278.5
2100,5000,3,1.75,1.5,0,0,1916,700000,701243.0
1010,7719,2,1.5,2.0,0,0,1981,306888,285867.5
2180,10575,4,2.0,1.0,0,0,1950,480000,519983.0
6050,84942,4,4.0,2.5,0,2,2009,930000,1917290.0
1550,7620,4,1.0,1.5,0,0,1957,345000,367468.5
1560,31299,4,1.75,1.0,0,0,1965,299950,441678.5
3520,128502,4,3.0,2.0,0,2,1981,1400000,784240.5
2060,11231,3,2.5,2.0,0,0,1987,440000,516939.5
2550,4954,3,2.5,1.5,0,0,1924,675000,727921.0
1130,7223,3,1.5,1.0,0,0,1961,341500,303591.56
1460,7200,3,1.0,1.0,0,0,1906,538000,461363.0
1400,10425,3,1.0,1.0,0,0,1968,241500,262277.25
1250,5546,3,1.75,1.0,0,0,1987,268000,284964.66
2840,206910,3,3.0,2.0,0,0,1999,790000,644953.88
4200,14353,4,3.5,2.0,0,2,1996,1460000,1199382.38
2090,7634,3,3.0,1.0,0,0,2001,400000,452291.0
1530,1565,3,3.25,2.0,0,0,2005,654000,440220.51
1720,5280,3,1.75,1.0,0,0,1943,465000,471488.6
950,6000,3,1.75,1.0,0,0,1939,230000,506745.9
3150,5979,4,2.5,2.0,0,0,2005,762500,505761.26
2440,10049,4,2.5,2.0,0,0,1989,672000,662452.0
1030,6969,3,1.5,1.0,0,0,1921,345000,337356.66666666674
3070,8474,5,3.0,2.0,0,0,2011,825000,751154.8
1280,1257,3,3.5,2.0,0,0,2000,470000,408642.9
1510,4000,2,2.0,1.0,0,0,1900,595000,611520.69
1070,635,2,2.0,2.0,0,0,2008,256950,408585.52
1720,4011,4,1.0,1.5,0,0,1904,500000,551126.5
780,3475,2,1.0,1.0,0,0,1930,286000,353496.5
1220,3286,3,1.5,2.0,0,0,1982,295000,248961.59
1650,2958,3,2.25,2.0,0,0,1985,233500,436186.5
3030,10189,4,2.5,1.0,0,0,2003,1470000,629016.1666666667
3030,30007,3,2.5,1.5,0,0,1992,766950,728827.25
1060,8187,2,1.0,1.0,0,0,1952,254000,327738.38
1180,43124,3,1.0,1.0,0,0,1959,330000,298190.53
3800,13995,3,3.25,2.0,0,3,1983,630000,1355948.0
2980,16263,4,2.5,2.0,0,0,1989,1010000,748422.74
3340,10422,4,2.5,2.0,0,0,1996,1150000,856767.15
1360,3188,3,2.5,2.0,0,0,1986,419500,351280.03
5990,111078,4,3.5,2.0,0,0,2004,1530000,1423020.0
1170,8925,2,1.0,1.0,0,2,1911,175000,364125.0
2600,5540,3,2.5,2.0,0,0,2004,355500,539819.8
1220,4900,4,1.5,1.0,0,0,1942,250000,398210.59
1670,11337,3,2.0,1.0,0,1,1959,555565,527886.88
3530,7924,5,4.25,2.0,0,0,2001,1400000,713836.04
1950,8698,3,2.0,1.0,0,0,1999,361000,351553.17
1430,4096,4,1.75,2.0,0,0,1900,485000,600763.5
3150,6202,4,3.5,2.0,0,0,2005,330000,728538.0
2660,17852,3,3.25,2.5,0,0,2014,379000,593447.93
1150,2064,2,2.5,2.0,0,0,2004,214100,279322.0
1870,5580,2,2.0,1.0,0,0,2004,554000,529304.63
1980,7350,4,1.75,1.0,0,0,1973,450000,424778.0
6070,5432,5,4.5,2.0,0,0,2004,1570000,1742481.82
2250,5692,3,2.5,2.0,0,0,2000,445838,522499.8
1850,1836,4,2.5,2.0,0,0,2005,476100,371258.33
930,5400,2,1.0,1.0,0,0,1952,379000,235954.5
880,18205,3,1.0,1.0,0,0,1945,218000,299420.66
2320,8100,5,1.75,1.0,0,0,1956,315000,425665.0
3160,8726,4,2.5,2.0,0,0,1999,427500,797797.99
2870,4712,5,2.5,2.0,0,0,2014,760369,655290.94
860,8308,2,1.0,1.0,0,0,1948,315000,309631.0
1770,12278,4,1.75,1.0,0,0,1937,630000,355801.0
2470,7698,4,2.25,2.0,0,0,1983,359900,486271.5
2950,7980,5,3.5,2.0,0,3,2005,615000,970783.88
2270,10136,3,1.75,2.0,0,0,1979,575000,557388.3
1960,3480,3,2.5,2.0,0,0,2004,289950,406279.5
2120,3742,3,2.5,2.0,0,0,2006,400000,510816.35
1560,9361,3,2.5,1.5,0,0,1936,545500,366183.18
5030,11023,4,4.5,2.0,0,2,2008,2450000,1754560.0
1480,3900,3,1.75,1.0,0,0,1980,245000,325189.97
3020,4500,6,3.5,2.0,0,0,1941,354000,858831.0
2100,205603,3,2.25,2.0,0,0,1983,437500,500847.73333333334
1340,6500,3,1.5,1.0,0,0,1972,387000,273994.41
2620,14126,4,2.5,1.0,0,4,1941,922000,1001030.6
2710,11400,4,1.75,1.0,0,0,1976,925000,500025.5
3120,7644,4,2.75,2.0,0,0,2010,575000,804408.67
1910,2874,4,2.0,1.0,0,0,1910,493000,546466.0
1540,13475,3,1.5,1.0,0,0,1972,270000,404145.36
830,6030,2,1.0,1.0,0,0,1925,425000,283692.0
1380,5820,2,1.0,1.0,0,0,1918,320000,433466.42
2970,23100,3,2.5,1.0,0,0,1967,400000,731663.6666666665
930,6900,2,1.0,1.0,0,2,1952,287000,370728.0
2130,8801,3,2.25,1.0,0,0,1976,482975,428310.0
1050,6150,3,1.75,1.5,0,0,1928,400000,444468.5
880,4000,2,1.0,1.0,0,0,1940,427550,469038.17
2300,7989,4,2.5,2.0,0,0,1990,560000,474297.44
1910,7280,3,2.75,1.0,0,0,1979,441000,376412.97
2330,10800,5,2.0,1.0,0,0,1961,362500,416283.82
2480,14782,4,1.75,1.0,0,3,1958,550000,716086.18
4180,5432,5,4.0,2.0,0,0,2014,1260000,961159.54
1080,21043,3,1.0,1.0,0,0,1942,210000,239607.06
1080,6250,3,1.0,1.0,0,0,1950,115000,190901.06
2080,4800,2,1.75,1.0,0,0,1923,740000,546290.52
2250,3757,3,2.5,2.0,0,0,2006,395000,521013.2
1150,5695,2,1.0,1.0,0,0,1958,180000,266460.5
1910,5562,3,2.5,2.0,0,0,1988,496600,465289.63
2880,9003,4,2.5,2.0,0,0,2008,1260000,591915.0
3180,15358,4,2.5,2.0,0,0,1988,775000,928716.9166666667
1490,974,3,2.25,2.0,0,0,2009,312000,486002.5
980,1296,2,1.5,2.0,0,0,2001,260000,300828.15
2300,6720,5,1.75,2.0,0,0,1905,400000,716373.2
1995,7102,4,2.25,2.0,0,0,1981,266000,347845.28
2940,5400,4,2.75,1.5,0,2,1910,1010000,927642.5
1040,1516,2,2.25,2.0,0,0,2008,430000,370154.23
1820,7700,4,1.75,1.0,0,0,1955,344900,394962.5714285714
2590,18224,4,1.0,1.5,0,0,1911,470000,507974.62
2020,38332,3,2.0,1.0,0,0,1975,420000,443527.51
2800,8190,4,2.5,1.0,0,0,1971,569500,548582.7
3580,5562,5,3.5,1.5,0,0,1937,600000,1178464.99
2420,8056,4,2.5,1.0,0,0,1988,550000,497803.32
3030,6820,4,2.5,2.0,0,0,1947,998000,1230274.5
2100,9288,4,1.0,1.0,0,0,1968,305000,401460.85
1550,2401,3,2.0,2.0,0,0,1996,440000,397730.0
1600,7829,3,2.5,2.0,0,0,1987,455000,318092.5
1640,7630,3,2.25,1.0,0,0,1968,247000,380375.35
1820,9161,4,2.5,1.0,0,0,1975,325000,395695.1
2660,7389,4,2.75,2.0,0,0,2002,695000,524127.2
1560,10919,3,1.75,1.0,0,0,1975,236000,442303.1
4310,10000,6,4.25,2.0,0,0,2008,780000,1335780.0
2750,5767,4,2.5,2.0,0,0,2005,419900,503804.88
3460,6738,4,3.75,2.0,0,0,2013,971971,1075165.26
2250,11349,4,2.5,2.0,0,0,1991,572650,541930.0
1640,8467,4,1.0,1.0,0,2,1943,261490,614528.0
2140,5000,5,2.0,1.5,0,0,1913,680000,640786.5
2450,9432,5,2.25,2.0,0,0,1973,359950,634148.3
2350,8906,4,2.5,2.0,0,0,1993,295000,555388.49
3880,8432,5,3.0,2.0,0,0,2004,430000,745596.5
1700,2197,3,3.5,2.0,0,0,2010,585000,442012.4
1180,12324,3,1.5,1.0,0,0,1981,372500,340110.14
770,6450,2,1.0,1.0,0,0,1948,230000,251199.3
1200,2500,2,1.0,2.0,0,2,1927,508000,543374.0
1330,9143,3,1.75,1.0,0,0,1960,400000,393049.0
920,4875,3,1.0,1.0,0,0,1978,152000,229744.5
1890,7053,3,2.5,2.0,0,0,1992,347500,326846.0
1010,8848,3,1.0,1.0,0,0,1968,229900,221956.4
1880,6160,4,2.25,2.0,0,0,1993,272000,302425.5
1820,22814,4,1.5,1.5,0,0,1920,229000,380281.0
2290,6300,4,1.0,1.5,0,4,1921,825000,820518.81
1620,4080,4,1.0,1.5,0,0,1923,485000,603396.0
1150,17585,3,1.75,1.0,0,0,1964,361000,321756.76
1660,4898,3,2.5,2.0,0,0,2011,295000,362540.29
3150,4203,4,2.5,2.0,0,0,2002,815000,694630.36
2870,16238,5,2.5,2.0,0,0,1962,1560000,665706.02
1580,7800,4,2.5,1.0,0,0,1959,255000,402050.6
1820,10608,3,1.5,1.0,0,0,1962,264000,382391.9
3118,1845,4,2.5,2.0,0,2,2014,541800,1021725.5
2590,8384,3,1.75,1.0,0,0,1971,485000,507797.85
1490,57381,3,1.0,1.5,0,0,1932,325000,358587.1
1560,43748,2,1.75,2.0,0,0,1967,295000,418554.5
5090,23669,5,5.25,2.0,0,0,2006,3100000,1443497.5
1280,5040,3,2.5,2.0,0,0,1985,415000,385982.03
1140,1730,2,1.0,1.5,0,0,2007,235000,362002.08
930,7623,2,1.0,1.0,0,0,1942,100000,226368.77
2310,5100,4,2.5,2.0,0,0,2013,685000,430994.63
2580,15653,3,2.0,1.5,0,0,1990,481000,594105.26
2090,7667,3,1.75,1.0,0,2,1952,489000,693213.0
2570,9086,4,2.5,2.0,0,0,1999,670000,510863.0
1560,12220,4,2.5,1.5,0,0,1965,511100,480100.0
1390,2153,3,1.5,2.0,0,0,2001,267500,327462.89
1340,7250,2,1.0,1.0,0,0,1951,450000,362221.5
1670,7740,3,2.5,1.0,0,0,1974,375000,397307.5
860,3300,2,1.0,1.0,0,0,1903,311000,351742.0
1720,4080,3,1.75,1.0,0,0,1924,615000,548589.9
2780,13521,4,2.5,2.0,0,0,1987,715000,664569.28
950,5316,2,1.0,1.0,0,2,1948,320000,322027.38
1500,7475,3,1.75,1.0,0,0,1976,244000,335168.5
2060,4200,3,2.5,2.0,0,0,2014,326989,374452.45
1650,3788,3,2.25,2.0,0,0,1985,233703,476441.0
1500,11968,3,1.75,1.0,0,0,2014,224000,411503.9
2120,4558,4,2.5,2.0,0,0,2002,329950,418705.8
3390,7000,3,2.75,1.0,0,3,1979,915000,1065135.0
980,7296,3,1.0,1.0,0,0,1967,375000,260240.28
1490,4400,3,1.5,1.5,0,0,1906,670000,547881.5
3960,7012,4,3.25,2.0,0,0,2005,860000,1070952.63
1080,3420,2,1.0,1.0,0,0,1922,550000,458123.5
2410,12183,3,3.0,2.0,0,0,1988,555000,592381.3
2849,9588,3,2.5,2.0,0,0,2001,798000,653966.5
5270,12195,4,4.5,2.0,1,4,1979,2600000,2987900.0
2760,3865,5,3.5,2.5,0,0,2013,424950,590518.51
1290,189486,3,1.0,1.0,0,0,1960,359950,349392.5
1360,1934,2,1.5,2.0,0,0,1978,150000,276356.09
2000,10490,3,2.0,1.0,0,0,1978,423500,363827.6
1540,17424,3,2.25,2.0,0,0,1992,315000,352987.0
1500,7482,3,2.25,1.0,0,0,1968,290000,350192.05
1470,4322,3,2.25,2.0,0,0,1985,491500,446248.44
2250,13515,4,1.75,1.0,0,0,1940,350000,387422.0
1340,10260,3,1.0,1.0,0,0,1968,172000,267491.79
2200,9778,4,2.75,1.0,0,0,1962,505000,460936.38
1020,8100,2,1.0,1.0,0,0,1940,195000,267467.4
2070,37904,3,1.75,1.0,0,0,1973,310000,496729.5
1770,8000,3,2.25,1.0,0,0,1976,436000,395641.0
2090,14141,4,2.75,1.5,0,0,1941,449000,478716.4
2420,4000,3,3.5,2.0,0,0,1907,740000,924365.25
790,6000,2,1.0,1.0,0,0,1948,325000,265728.13
2910,9454,5,2.25,1.0,0,1,1972,788000,734912.5
2900,5901,5,2.5,2.0,0,0,2006,808900,504905.4
2220,9800,3,2.25,2.0,0,0,1987,470000,463804.64
3410,9600,5,3.0,1.0,0,0,1968,675000,727974.0
3060,9055,3,3.25,2.0,0,0,1994,715000,657383.55
2080,9612,3,2.5,1.0,0,3,1940,689000,861838.0
4030,12765,3,3.25,2.0,0,0,1975,890000,1248168.0
3220,15600,4,2.5,1.0,0,0,1973,1250000,754434.0
2600,7465,3,2.5,2.0,0,0,1988,571000,588314.5
2710,41811,4,2.75,1.5,0,0,1995,710000,642574.38
1740,4800,3,1.0,1.0,0,0,1952,430000,532098.52
590,10945,2,1.0,1.5,0,0,1983,398000,193980.26
2910,7287,4,2.5,2.0,0,0,1998,595000,525248.24
2200,9453,4,2.75,1.0,0,0,1955,583000,619617.25
1500,15334,3,2.25,2.0,0,0,1992,240000,344421.9
2900,15535,4,3.0,1.0,0,2,1961,650000,816194.5
1180,10720,2,1.0,1.0,0,0,1955,450000,439718.9
2340,5668,3,1.75,1.0,0,0,1941,396000,582164.75
3920,13085,3,3.0,2.0,1,4,1996,3100000,2553300.0
1140,8340,3,1.5,1.0,0,0,1960,200000,263766.5
1140,4600,3,1.0,1.0,0,0,1942,460000,395162.14
3770,47480,4,3.5,2.0,0,0,2003,665000,944215.0
990,8100,3,1.0,1.0,0,0,1949,250000,289128.22
2400,8038,4,2.5,2.0,0,0,2002,440000,397258.97
950,7692,2,1.0,1.0,0,0,1926,192500,307499.0
1020,8610,3,1.0,1.0,0,0,1959,265000,237670.5
1420,4500,3,1.5,1.0,0,0,1959,371000,521700.15333333326
3900,8391,4,3.5,2.0,0,0,2006,1040000,948727.5
2120,50965,4,2.25,2.0,0,0,1996,450000,479922.4
1350,10096,2,1.0,1.0,0,2,1952,276900,375558.5
2130,35169,3,2.0,1.0,0,0,1989,880000,473727.4
2990,7928,4,2.5,2.0,0,0,2011,440000,698122.82
2240,14667,4,2.5,2.0,0,0,1989,565000,463987.37
2145,3840,3,1.75,1.5,0,0,1910,734000,618649.5
1920,208652,4,1.75,1.0,0,0,1919,589000,494992.0
2170,8240,4,3.0,1.0,0,0,1968,592500,482263.08
1400,4400,3,2.5,1.0,0,0,1930,399950,470822.5
2470,10321,3,2.5,2.0,0,0,1988,732500,550259.2
3070,4684,4,3.5,2.0,0,0,2009,785000,744619.59
2850,7130,3,2.5,2.0,0,0,1980,783500,597460.7
1560,4920,2,1.0,1.0,0,0,1947,310000,510657.0
2020,21010,3,2.25,2.0,0,0,1995,420000,450230.4
990,6750,3,1.0,1.0,0,0,1947,325000,314550.77
1300,2970,2,1.5,1.0,0,0,1903,550000,512013.48
2040,435600,3,2.25,2.0,0,2,1983,525000,902288.5
3990,9938,5,3.5,2.0,0,0,2001,1070000,785211.5
3320,38043,4,2.5,2.0,0,0,1997,685000,791889.5
1710,3600,3,2.75,1.0,0,0,1909,575000,604697.65
3000,8100,4,2.5,2.0,0,0,1992,607500,575613.0
1130,912,2,1.5,2.0,0,0,2006,375000,411949.08
2460,5921,4,2.0,1.0,0,0,1948,247500,746029.5
2370,10631,4,2.5,2.0,0,0,1999,338000,542736.1
1400,25500,4,1.75,1.0,0,0,1964,218500,384664.0
2420,8400,4,1.75,1.0,0,0,1964,350000,440556.5
2400,3500,5,2.0,1.5,0,0,1911,650000,737577.25
1570,6700,3,1.5,1.0,0,0,1956,419000,478266.0
1470,1571,3,2.5,2.0,0,0,2007,420000,443126.73
2280,6134,3,2.5,2.0,0,0,2004,470000,423900.5
2800,49149,4,1.75,1.0,0,0,1978,440000,562764.83
1560,8450,4,1.0,1.5,0,0,1954,305000,357574.0
1470,8200,3,1.0,1.0,0,0,1953,290000,373679.57
2710,1569,4,3.5,2.0,0,0,1997,539500,836352.5
2000,6107,4,2.5,2.0,0,0,2003,459950,353377.3
1780,4200,3,1.5,1.5,0,0,1916,588000,621163.52
4110,8400,4,2.75,2.0,0,1,1928,1200000,1806632.0
1130,5758,3,1.0,1.0,0,0,1939,485000,432712.95
1060,9225,3,1.5,1.0,0,0,1955,212000,275252.0
2810,435600,3,2.5,2.0,0,0,1995,745000,641363.38
2110,6838,4,2.75,2.0,0,0,1991,325000,402150.8
3590,8249,4,3.0,2.0,0,0,1997,515000,734335.5
2280,3200,4,2.75,1.5,0,0,1931,675000,673626.0
1300,5000,3,1.5,1.0,0,0,1976,226500,265694.1333333333
2060,9828,4,1.75,1.0,0,0,1960,640000,481893.85
1630,9403,3,1.75,1.0,0,0,1983,357500,407066.0
2550,5835,4,2.5,2.0,0,0,1998,543500,543666.5
1290,8470,3,1.0,1.0,0,0,1966,225000,263234.095
860,6800,2,1.0,1.0,0,0,1943,227000,231375.27
2550,5200,4,2.5,2.0,0,0,2009,435000,494608.04
2190,6896,4,2.5,2.0,0,0,2007,452000,371703.5
2880,12349,4,2.5,2.0,0,0,1996,710000,668935.38
1260,12330,3,1.75,1.0,0,0,1968,354000,288464.4
2140,9897,3,2.5,1.0,0,0,1959,799000,648463.0
440,8313,2,0.75,1.0,1,3,1943,290000,250639.38
1580,3825,3,2.5,2.0,0,0,2011,375000,330352.14
3140,10250,6,2.25,1.0,0,0,1959,740000,784861.5
1170,7142,2,1.0,1.0,0,0,1951,225000,361482.95
950,11835,2,1.0,1.0,0,0,1932,250000,263065.0
4910,43560,3,3.0,2.0,0,0,1989,1080000,1156934.5
950,676,2,1.5,2.0,0,0,2003,304000,347287.0
1420,22100,3,1.5,1.0,0,0,1957,269900,340193.1625
1220,9600,4,1.5,1.0,0,0,1980,310000,274421.68
1800,7371,3,2.25,1.0,0,0,1979,425000,346556.0
2260,5705,4,2.75,2.0,0,0,2014,359950,514148.45
1410,9647,3,1.5,1.0,0,0,1961,367500,262006.835
3400,46382,3,1.75,1.0,0,0,1979,340000,759896.5
520,6862,2,0.75,1.0,0,0,1924,330000,219067.0
1480,10588,3,1.5,1.0,0,0,1957,224000,336424.1
1340,11070,3,1.0,1.0,0,0,1978,206135,266778.14
2080,12094,3,2.0,2.0,0,0,1982,589950,430663.93333333335
1870,5562,2,2.0,1.0,0,0,2006,592500,536888.05
1570,1680,3,2.25,3.0,0,0,2014,660000,535103.46
2540,5760,4,2.5,2.0,0,0,2009,759990,403215.23
3730,15029,4,3.5,2.0,0,2,1991,599950,969304.5
1860,5025,3,2.5,2.0,0,0,2010,294900,334781.35
3100,10200,5,3.5,1.0,0,4,1970,905000,1160220.0
2810,11897,4,2.5,2.0,0,0,2003,386000,570271.18
2280,7200,4,2.0,1.0,0,0,1956,500000,505660.5
750,5534,2,1.0,1.0,0,0,1947,325000,260564.0
1460,6032,5,1.0,2.0,0,0,1941,239950,377070.9166666666
3100,15480,4,3.0,2.0,0,0,1996,563000,687518.73
1620,9205,2,1.0,1.0,0,0,1921,350000,427459.08
2310,2400,7,2.75,1.5,0,0,1915,580000,697354.0
1500,2314,3,2.5,2.0,0,0,2005,405000,377633.5
970,8185,2,1.0,1.0,0,0,1904,204995,259682.5
2460,5091,4,2.5,2.0,0,0,2003,427500,456452.4
1010,9600,3,1.75,1.0,0,0,1969,230000,246666.0
1640,9750,3,2.0,1.0,0,0,1959,375000,406036.18
1280,7400,4,1.5,1.0,0,0,1958,367400,334188.0
4400,8400,4,3.25,2.0,0,0,2003,1050000,1219754.5
4560,16643,4,3.5,1.0,0,3,1995,1200000,1294830.0
1420,955,3,2.75,2.0,0,0,2004,362000,457301.5
680,772,2,1.5,2.0,0,0,2005,239000,295384.3
3700,2264,3,3.25,2.0,0,0,1998,1480000,1463184.5
3690,7200,3,3.25,2.0,0,0,2007,1580000,1061267.63
3350,7752,3,2.5,1.0,0,0,2009,1300000,847989.92
1570,1433,3,2.5,3.0,0,0,2010,635000,444499.9
3845,8400,4,3.5,2.0,0,0,2013,1750000,984636.4
1910,8329,3,1.75,1.0,0,0,2004,323000,400440.12
2630,9663,4,2.0,1.0,0,1,1956,435000,684181.1
1720,6413,4,2.0,1.0,0,0,1950,537000,471248.91
2970,54450,4,2.25,2.0,0,0,1983,526000,712967.5
3340,4166,5,3.25,2.0,0,2,2014,637850,969357.22
1800,8786,4,1.5,1.0,0,0,1966,272750,322312.5
2160,3139,4,2.5,1.0,0,0,1940,650000,595492.9
3450,8000,3,2.5,3.0,0,0,1927,685000,1304679.0
1520,2550,3,2.5,2.0,0,0,2005,207000,349316.75
860,1277,2,1.25,2.0,0,0,2007,321950,330460.98
3170,8523,4,2.5,2.0,0,0,2008,820000,704755.42
1920,7500,4,1.75,1.0,0,0,1962,170000,362961.9
960,6500,3,1.0,1.0,0,0,1954,225000,218104.09
1800,2516,3,2.5,2.0,0,0,2001,285000,335702.5
1700,8432,3,1.75,1.0,0,0,1977,475000,352504.0
2800,5000,4,2.5,2.0,0,0,2006,375000,537124.89
1340,5175,3,1.0,1.0,0,0,1987,320000,276628.63
650,15364,1,1.0,1.0,0,0,1967,129000,236344.0
1590,8911,3,1.5,1.0,0,0,1956,300000,448263.5
1110,5500,3,1.5,1.0,0,0,1940,375000,423833.05
1490,2138,3,2.5,2.0,0,0,2005,237000,407282.91
2720,37258,4,1.5,2.0,0,0,1994,632500,568428.5
2030,217800,3,1.75,1.0,0,2,1977,395000,835729.0
3230,7200,4,3.5,1.0,0,1,2000,1390000,771551.4
2190,7125,4,2.5,2.0,0,0,1978,320000,489826.29
1310,12825,3,2.25,1.0,0,0,1950,291750,361700.5
1300,9079,3,1.75,1.0,0,0,1986,331000,286521.5
1920,6000,4,1.75,1.0,0,0,1954,455000,472804.99
3000,4000,4,3.0,1.5,0,3,1913,688000,1252999.0
1830,217800,3,1.5,1.0,0,0,1981,505000,445401.5
2600,7668,3,1.75,1.0,0,0,1968,700000,462638.0
2230,3200,3,1.0,2.0,0,2,1918,770000,841665.0
1630,16393,3,1.0,1.0,0,0,1969,437500,247313.0
1730,11325,3,1.75,1.0,0,0,1972,292000,356340.84
800,7150,2,1.0,1.0,0,0,1933,175000,254279.55
1540,4800,3,1.75,1.0,0,0,1925,565000,527072.06
2890,5000,4,2.75,1.5,0,0,1911,898500,703329.0
2550,7555,4,2.5,2.0,0,0,2001,340000,504479.0
1640,11050,3,2.25,1.0,0,0,1972,352000,361259.75
1580,7416,3,1.75,1.0,0,0,1967,600000,359652.45
1600,4300,4,1.0,1.5,0,0,1916,485000,615382.6
1770,3993,3,2.5,2.0,0,0,1999,420000,424113.9
1940,3211,3,2.5,2.0,0,0,2009,555000,516757.7
2360,4367,4,2.5,2.0,0,0,2003,490000,471717.95
2510,9180,5,2.75,1.0,0,1,1975,695500,618788.61
1300,12240,3,1.5,1.0,0,0,1963,365000,328528.0
1090,22080,3,1.0,1.0,0,0,1967,267500,219909.63
2927,6000,4,2.5,2.0,0,0,2011,407000,574221.4
1390,1569,3,4.0,2.0,0,0,2006,458000,383319.03
1770,2875,3,2.5,2.0,0,0,1990,439950,500965.9
1360,3737,3,1.0,1.5,0,0,1910,450000,478616.06
1440,6443,3,2.25,2.0,0,0,1995,325000,286749.01
3280,7100,4,2.5,2.0,0,4,1911,2300000,1368548.5
1820,20349,4,2.25,1.0,0,0,1977,465000,440750.86
1400,9600,3,1.5,1.0,0,0,1964,210000,271254.97
2420,38781,3,2.0,1.0,0,0,1949,349900,573491.48
1200,2016,3,2.0,1.0,0,1,1931,483500,391155.5
1810,39639,4,2.5,1.0,0,0,1970,235000,465764.88
1250,3360,2,2.0,1.0,0,0,1957,500000,426123.25
1980,12543,3,1.75,1.0,0,0,1978,268000,399209.35
920,3863,3,1.0,1.0,0,0,1970,356000,238062.0
2830,505166,3,2.75,1.0,1,3,1962,999000,932226.0
2280,7568,4,2.5,2.0,0,0,2001,433000,402784.15
2180,6850,3,2.25,1.0,0,0,1973,455000,497247.0
2850,209523,5,2.5,1.0,0,0,1925,450000,732916.0
2206,82031,3,2.25,1.0,0,2,1983,780000,539358.0
1590,6700,5,1.0,1.5,0,0,1942,185000,469852.75
2080,11866,3,1.75,1.0,0,0,1960,813000,482453.4
2520,4950,4,2.5,2.0,0,0,1906,865000,969577.5
1430,14250,3,2.0,1.0,0,0,1953,465000,356491.4
4100,8120,5,4.0,2.0,0,0,2011,950000,1026330.13
710,14700,2,1.0,1.0,0,0,1926,187250,203061.4
2920,5500,4,2.5,1.0,0,3,1957,1250000,977293.64
1120,10665,3,1.0,1.0,0,0,1961,225000,278203.53
2620,4469,4,2.5,2.0,0,0,2008,300000,525313.27
1420,5000,4,1.75,1.5,0,0,1945,535000,447844.23
1300,7770,3,1.75,1.0,0,0,1967,360000,322488.8
2220,33000,2,1.75,1.0,0,0,1970,494950,434433.13
4480,5715,4,4.25,2.0,0,0,2003,490000,1093786.16
2080,12134,3,2.25,1.0,0,0,1973,605000,489481.1
1060,9600,3,1.5,1.0,0,0,1962,219000,272429.5
550,5700,1,1.0,1.0,0,0,1916,290000,242570.5
1430,9240,3,2.5,2.0,0,0,1984,429000,374993.5
1760,9900,3,2.0,1.0,0,0,1943,229000,338934.33333333326
1150,6000,3,2.0,1.0,0,0,1956,252500,390313.07
1570,8750,3,1.75,1.0,0,0,1960,240000,368611.42
1260,22100,3,2.0,2.0,0,0,1981,277500,359282.21666666673
1130,3800,2,1.0,1.0,0,0,1916,485000,484285.0
840,6720,2,1.0,1.0,0,0,1952,355000,244952.25
1700,3618,2,1.75,1.0,0,1,1950,895000,541765.0
1520,9600,4,1.75,1.0,0,0,1955,508450,458322.0
530,6350,1,1.0,1.0,0,0,1941,238000,252838.0
1490,8371,3,2.0,1.5,0,0,1984,255000,258530.3
4440,8125,4,3.5,2.0,0,3,1922,2250000,1897205.0
2620,6890,7,2.25,2.0,0,0,1961,539000,457113.82
1000,1251,2,1.5,2.0,0,0,2006,377000,320882.73
2550,12918,4,2.25,2.0,0,0,1987,703770,557614.48
1860,4000,3,2.25,1.5,0,0,1920,572000,627067.0
1530,3296,3,2.5,2.0,0,0,1998,570000,478470.0
2240,3750,3,1.5,1.0,0,0,1952,608000,644552.03
1360,6110,4,1.5,1.0,0,0,1955,442000,427084.4
1910,5120,4,2.25,1.0,0,0,1954,650000,492818.49
2430,8000,4,2.5,2.0,0,0,1992,658100,462382.97
1440,43560,2,1.0,1.0,0,0,1965,255500,345839.5
1710,10440,4,1.75,1.0,0,0,1955,525000,497344.5
1260,6660,2,1.5,1.5,0,0,1926,531000,450066.0
1720,7885,3,2.25,2.0,0,0,1983,290256,357739.5
2730,6000,5,3.0,1.0,0,0,1979,440000,487280.08
2732,7655,6,5.0,2.0,0,0,2009,343000,605347.68
1679,577605,2,1.75,2.0,0,0,2001,700000,488229.44
2500,36254,4,2.5,1.0,0,0,1978,450000,524900.5
920,6460,3,1.0,1.0,0,0,1969,189950,205026.53
2850,2970,4,4.0,2.0,0,0,1999,620000,989860.0
4730,13586,4,3.5,1.5,0,0,1935,2450000,1997005.0
1470,4488,3,2.5,2.0,0,0,1980,399950,381774.64
2680,8062,4,2.5,1.0,0,3,1967,470000,707473.02
1980,7840,4,1.75,1.0,0,0,1961,416000,399136.76
1300,14500,2,1.75,1.0,0,0,1939,244500,350122.75
1650,169448,3,1.75,1.0,0,0,1977,305000,432028.0
3640,3604,4,3.25,2.0,0,2,1913,1270000,1370225.0
4320,8490,4,3.5,2.0,0,0,2005,1040000,1305479.33
1380,1120,3,3.25,3.0,0,0,2008,482000,453817.9
1700,4105,3,2.5,2.0,0,0,1992,619500,407815.88
1370,913,3,3.25,2.0,0,0,2006,390000,432339.5
2300,9900,4,2.5,1.0,0,2,1961,740000,501858.1
1680,2400,3,1.75,1.5,0,0,1929,469000,530369.5
2420,15482,4,2.25,2.0,0,0,1925,975000,610088.5
900,8556,2,1.0,1.0,0,0,1941,315000,205994.5
2250,9235,3,2.5,2.0,0,0,1985,549000,520977.79
2020,8100,3,1.0,1.0,0,0,1956,450000,412951.0
3210,5414,3,2.5,2.0,0,0,1990,870000,757758.82
940,11055,3,1.0,1.5,0,0,1959,180000,244403.5
1120,3844,4,1.0,1.0,0,0,1972,329000,293376.98
4560,16643,4,3.5,1.0,0,3,1995,1210000,1294830.0
3300,15907,4,3.25,2.0,0,0,1985,1350000,733126.72
2190,5085,4,3.0,2.0,0,0,1992,520000,510016.58
2370,15512,5,2.25,2.0,0,0,1981,913888,505584.72
1320,1683,3,2.5,2.0,0,0,2004,369000,348673.9
2040,273556,3,1.75,1.0,0,0,1997,467500,523185.0
2000,3800,4,2.25,2.0,0,0,2001,815000,389922.8
2560,2500,2,2.5,2.0,0,0,1901,780000,967904.5
1970,9607,3,2.5,2.0,0,0,1988,289000,373547.62
4140,20734,4,3.25,1.0,0,1,1977,2400000,1514765.0
2590,12063,3,2.75,2.0,0,0,1993,796500,652070.5
3740,32417,4,2.0,2.0,0,0,2000,860000,850861.0
2710,8227,5,3.0,1.0,0,2,1953,951250,707599.3
2720,6439,3,2.5,2.0,0,0,2005,619000,457543.52
2800,11325,5,2.5,1.0,0,0,1970,850000,541552.5
2400,3340,4,3.0,1.0,0,0,1964,675000,568326.06
1880,7400,3,1.5,1.0,0,0,1968,405000,345707.15
1810,4970,4,2.25,2.0,0,0,2003,355000,299171.0
1470,6950,3,2.0,1.0,0,0,1932,344950,431944.5
1900,7740,2,2.0,1.0,0,0,1923,450000,419310.5
2780,175421,3,2.5,2.0,0,2,2000,775000,676323.88
2100,5107,5,3.5,2.0,0,0,1999,295000,428169.28
1890,12236,4,2.5,1.0,0,0,1978,378000,391348.29
1420,7420,3,1.0,1.5,0,0,1944,264250,288178.0
1370,11050,3,1.0,1.0,0,0,1981,280000,276708.4
2040,8600,2,1.75,1.0,0,0,1985,210500,491333.56
1210,1267,2,2.25,2.0,0,0,2010,461100,409245.58
1180,844,2,1.5,2.0,0,0,2005,345000,409850.06
1470,6682,3,1.75,1.0,0,0,1987,400000,331044.64
1200,7280,3,1.0,1.0,0,0,1967,215000,245468.06
2480,4136,3,2.5,2.0,0,0,2009,498000,444531.8533333333
1480,1722,3,1.5,3.0,0,0,2007,319000,497066.3
1770,1800,3,2.0,3.0,0,0,1999,690000,546230.2
1400,1022,3,1.5,3.0,0,0,2007,425000,405444.76
1530,7200,3,1.5,1.0,0,0,1975,375500,365009.25
1660,10150,3,1.75,1.5,0,0,1957,350000,499636.0
2370,9102,3,2.5,2.0,0,0,1990,330000,577850.04
2100,5060,3,2.5,2.0,0,0,2006,477000,369407.9
2420,5040,4,2.25,1.0,0,0,1985,549000,544390.7
1050,7500,3,1.0,1.0,0,0,1900,440000,255933.3
1470,6061,4,1.0,1.5,0,0,1945,150550,348502.88
2910,5260,4,3.5,2.0,0,0,2012,610000,590711.24
1420,1217,3,3.5,2.0,0,0,2003,579950,469555.5
2530,7601,5,2.75,1.0,0,0,1992,368500,420992.5
1240,4842,3,1.0,1.0,0,0,1916,210000,395757.9
1730,5799,3,2.5,2.0,0,0,1987,275000,366514.1
1460,1238,3,2.5,2.0,0,0,2008,436000,432830.5
2310,13300,4,1.5,1.0,0,0,1950,1110000,453939.12
2180,9246,3,2.25,2.0,0,0,1984,570000,544445.2
2460,16940,2,2.25,1.5,0,4,1936,1370000,1070613.1
2300,35722,3,1.75,1.0,0,0,1984,520000,510799.5
1620,3196,2,2.5,2.0,0,0,2008,386000,406302.14
1070,9750,2,1.75,1.5,0,0,1995,241000,264907.26666666666
2180,8000,4,2.25,1.0,0,0,1975,340000,491087.14
1560,8700,4,1.75,1.0,0,0,1967,382500,382725.9
1560,8078,3,1.75,1.5,1,4,1928,1200000,545615.26
1240,9119,2,2.0,1.0,0,0,1952,727500,354094.15
1830,12750,3,2.5,2.0,0,0,1991,300000,426429.0
5310,8816,7,4.75,2.0,0,0,2013,2300000,2070104.5
3190,10970,4,2.75,2.0,0,0,1994,687500,774391.0633333332
1840,10528,4,1.75,1.0,0,0,1990,274900,370237.49
2190,9880,4,2.5,1.0,0,0,1979,630000,578373.0
2010,3800,3,1.75,2.0,0,0,1922,575000,644365.0
2220,16020,3,2.25,1.0,0,0,1966,325000,516862.82
1510,2001,2,1.5,2.0,0,0,1985,445000,451883.22
1980,44550,2,1.75,2.0,0,1,1977,428000,556089.0
1270,8100,3,1.75,1.0,0,0,1950,346000,377841.95
4790,25412,4,4.75,2.0,0,0,1999,1680000,1544811.58
1560,9000,4,1.75,1.0,0,0,1969,544300,358575.5
1490,8005,3,2.5,1.0,0,0,1976,271500,334307.5
1140,8558,3,1.75,1.0,0,0,1982,420000,235133.235
1990,4978,3,2.5,2.0,0,0,2004,467000,489526.0
1410,1240,2,3.0,2.0,0,0,2006,405000,434848.0
3100,3773,4,2.75,2.0,0,0,1919,742500,990695.0
1710,134489,3,2.0,1.0,0,2,1952,397000,550643.92
960,7200,2,1.5,1.0,0,0,1910,525000,324463.0
2580,13572,6,3.5,1.0,0,0,1987,604000,598229.13
2810,10840,4,3.75,2.0,0,2,1994,492000,705536.0
4460,2975,5,3.5,3.0,0,2,2015,490000,1977178.5
2320,12000,4,2.0,1.0,0,0,1943,299000,463270.5
1680,6755,3,2.5,2.0,0,0,1994,225000,279133.0
2200,7475,4,1.75,1.0,0,0,1955,375000,461262.0
2520,12000,3,2.25,1.0,0,0,1978,598500,484226.5
1910,10200,4,2.0,1.0,0,0,1963,335000,361339.9
2420,65501,3,1.75,2.0,0,1,1984,500000,595729.4
1850,10800,3,2.5,2.0,0,0,2010,359782,449722.17
1060,9241,3,1.0,1.0,0,0,1956,301000,252121.53
1670,4008,2,1.75,1.0,0,0,2005,565000,500425.88
2160,8817,4,2.25,1.0,0,0,1965,335000,464522.58
1540,1827,3,2.0,2.0,0,0,2005,402000,374048.0
3220,9603,5,2.25,2.0,0,0,1972,605000,816397.44
1940,5000,4,2.0,1.0,0,0,1910,639000,509832.7
880,7683,2,1.0,1.0,0,0,1942,326100,233903.75
2080,4828,3,2.5,2.0,0,0,2002,290000,386021.91
3370,3634,4,3.5,2.0,0,0,2007,812000,1120848.5
1660,7388,3,2.5,2.0,0,0,2003,279000,336851.0
1830,3200,3,2.5,2.0,0,0,1999,410000,404994.82
1920,6250,2,1.5,1.0,0,0,1937,495000,488864.51
1420,6289,3,1.75,1.0,0,0,1967,329922,359498.0
2040,3570,4,1.75,1.0,0,0,1917,495000,647380.0
2600,14810,3,2.25,1.0,0,2,1956,452000,725709.0
3340,5000,5,3.5,2.0,0,0,2012,592000,787333.49
2700,16570,5,2.5,1.0,0,0,1967,744500,540664.75
1080,7236,3,2.0,1.0,0,0,1947,390000,285954.35
3050,8000,4,2.5,2.0,0,0,2007,740000,705359.46
2140,10943,4,2.25,1.0,0,0,1977,502000,584975.9
1890,11141,3,1.75,1.0,0,0,1968,575000,435585.0
5440,239580,4,2.75,1.0,0,0,1969,850000,1061565.0
1320,14250,4,1.5,1.0,0,0,1954,510000,343877.7
1300,1590,3,2.5,2.0,0,0,2014,675000,495195.36
2650,11455,5,2.5,1.0,0,0,1961,565000,499743.0
1970,7100,3,1.75,1.0,0,0,1976,408000,427384.0
1068,1758,2,1.5,2.0,0,0,1990,243000,288323.0
3030,31920,6,3.0,1.0,0,0,1980,624500,542638.49
1710,4920,3,2.5,2.0,0,0,1990,415000,399719.35
1440,3488,3,2.25,2.0,0,0,1983,313500,387023.45
2530,13474,4,2.75,2.0,0,0,1994,349900,503824.5
2030,9791,3,2.25,1.0,0,0,1984,572500,458434.3
2870,5700,5,3.0,1.0,0,0,1964,765000,593414.0
6490,10862,5,4.25,2.0,0,3,1991,2000000,2063800.0
2160,4205,4,2.75,1.0,0,3,1969,590000,555247.1
2460,7560,4,1.75,2.0,0,0,1952,635000,698075.0
1040,4172,2,1.0,1.0,0,0,1946,370000,404803.37
2740,83199,3,2.5,2.0,0,4,1973,400000,751051.66
830,3200,1,1.0,1.0,0,0,1924,525000,391499.67
1420,7205,3,1.75,1.0,0,0,1986,192500,253218.0
980,7200,3,1.0,1.0,0,0,1950,430000,284476.55
1990,15375,3,1.0,1.0,0,0,1946,234550,359519.0
2220,4228,4,2.5,2.0,0,0,2014,334990,405221.01
1190,1290,3,2.5,3.0,0,0,2008,469000,405732.0
1550,8509,3,2.0,1.0,0,0,1959,369000,438007.1
2700,21208,5,2.5,1.0,0,0,1955,625000,642673.0
2740,23505,3,2.0,2.0,0,4,1988,535000,837633.5
3100,100188,3,2.5,1.0,0,0,1981,540000,616551.5
1260,4500,5,1.75,1.5,0,0,1926,650000,515939.6
1870,9680,4,2.25,1.0,0,0,1959,325000,451840.14
2110,13457,4,2.25,2.0,0,0,1974,475000,448632.7
1810,5012,4,3.0,2.0,0,0,1997,400000,355534.05
1470,8925,3,1.75,1.0,0,0,1957,239000,382100.0
3990,13087,5,3.25,2.0,0,0,1991,649000,894063.0
1340,6000,3,1.5,1.5,0,1,1927,907000,448987.84
4133,361548,4,3.75,2.0,0,0,2000,979500,899337.0
2010,6300,4,1.75,1.0,0,2,1937,972000,614989.0
6900,244716,6,4.25,2.0,0,0,2002,1140000,2140450.0
2100,9200,4,1.0,1.0,0,0,1959,211000,429072.85
2160,8005,4,2.5,2.0,0,0,1993,220000,396675.0
1400,14850,3,1.5,1.5,0,0,1910,383000,348634.25
3670,4000,7,4.25,2.0,0,1,1964,824000,889479.99
1960,3543,4,2.5,2.0,0,0,2004,325000,437155.5
2810,5046,4,2.75,2.0,0,0,2014,531155,576949.31
1930,10183,3,1.75,1.0,0,0,1975,583000,432747.0
1380,7600,3,1.5,1.0,0,0,1971,235500,299364.32
1010,9920,3,1.0,1.0,0,0,1977,179900,306162.5
1690,1618,3,2.5,2.0,0,0,2014,372977,395805.4
1890,5400,2,2.25,2.0,0,0,1905,750000,719264.9
1240,5750,3,1.0,1.0,0,0,1948,425000,324845.35
1640,4860,3,1.75,1.0,0,0,1965,369950,326900.5
2620,241200,3,2.5,1.5,0,0,1998,775000,597599.5
1220,8409,2,1.5,1.0,0,0,1948,317500,361124.4
1200,15606,3,1.5,1.0,0,0,1985,309950,313310.6
2130,20423,3,1.75,1.0,0,0,1953,667500,551522.99
4670,23115,7,4.25,2.0,0,2,1992,2450000,1404495.0
1120,8661,2,1.0,1.0,0,0,1946,399000,320011.86
1830,3500,3,2.0,1.5,0,0,1909,554000,713186.38
2750,6203,3,2.25,1.0,1,4,1959,1650000,1248134.14
1970,7532,4,2.25,1.0,0,0,1983,475000,299182.4
1630,1677,3,3.25,3.0,0,0,2007,385000,445264.51
2440,3427,3,3.5,2.0,0,0,2000,710000,560911.0
3770,35081,4,2.5,2.0,0,0,1989,950000,971594.0
1140,4200,3,1.0,2.0,0,0,1904,345000,394731.64
2100,29735,3,1.75,1.0,0,0,1957,440000,464361.38
880,6650,2,1.0,1.0,0,0,1918,416000,328578.5
1080,10200,3,1.0,1.0,0,0,1962,207000,208557.0
1310,8065,3,1.75,1.0,0,0,1948,435000,357762.9
2140,13000,4,2.75,1.0,0,0,1968,409500,496355.26
880,6900,2,1.0,1.0,0,0,1943,190000,227618.29
1200,10458,3,1.0,1.0,0,0,1961,190000,254885.52
1440,3700,2,0.75,1.0,0,0,1914,562100,487019.33333333326
2120,6290,3,1.5,1.0,0,0,1949,440000,551033.32
1640,26127,3,1.0,2.0,0,0,1975,250000,319236.0
2650,9627,4,2.5,1.0,0,3,1976,490000,689911.76
3750,9612,5,3.5,1.0,0,2,1981,942500,943849.5
1660,10247,3,2.25,1.0,0,0,1968,450000,400153.5
4140,46173,4,3.25,2.0,0,0,2007,810000,898927.0
1550,40752,3,1.5,1.0,0,0,1954,350000,395891.5
3140,16200,4,2.5,1.0,0,1,1988,765000,812799.9166666667
2710,4685,5,2.75,2.0,0,0,2014,430760,449106.96
3700,20570,4,3.0,1.0,0,0,1976,1730000,966199.0
1290,1153,3,3.25,3.0,0,0,2008,331000,361205.9
1860,7200,3,2.25,1.0,0,0,1977,445000,366820.5
1910,8050,3,2.0,1.0,0,0,1980,275000,356004.88
2490,40608,4,2.5,2.0,0,0,1997,635000,560216.5
2120,6710,3,2.25,1.0,0,0,1959,436000,520220.3
3040,4548,3,2.5,2.0,0,0,2003,330000,590539.65
2340,50233,4,2.0,1.0,0,0,1966,568000,530077.1
3240,6863,5,2.75,2.0,0,0,2013,719950,657623.69
2380,35008,4,2.25,1.0,0,0,1977,594950,538868.4
1170,7258,3,2.0,1.0,0,0,1984,250000,236787.66666666663
1910,7700,4,2.75,1.0,0,0,1980,250000,364852.73
1010,12000,3,1.75,1.0,0,0,1977,315000,298956.0
1130,12519,3,1.0,1.0,0,0,1958,220000,305456.7
1560,5520,3,1.75,1.0,0,0,1944,524000,463233.8
920,5546,3,1.0,1.0,0,0,1928,207000,349817.3
3230,4290,4,2.5,2.0,0,0,2004,772500,720699.9
1750,4200,3,2.5,2.0,0,0,2005,300000,349768.54
2680,11250,6,2.5,1.0,0,0,1967,698000,555954.4
1680,14630,3,1.75,1.5,0,0,1985,425000,365021.0
970,5600,2,1.0,1.0,0,0,1951,217000,271679.0
1630,9282,3,1.5,1.0,0,0,1963,224950,284111.84
1600,7350,5,1.0,1.0,0,0,1962,260000,261104.75
1650,7104,3,2.0,2.0,0,0,1945,643500,447401.41
1070,4500,2,2.0,1.0,0,0,1932,245000,448585.14
2570,6466,4,2.5,2.0,0,0,1999,355000,489317.0
1800,8697,3,2.5,2.0,0,0,1987,280000,388907.77
1480,15641,2,1.5,1.0,0,0,1940,280000,327647.0
1900,13122,2,1.75,1.0,1,4,1954,869000,622979.26
1490,9600,3,2.25,1.0,0,0,1987,287000,325417.5
3200,9200,6,2.75,1.0,0,2,1953,497300,1097767.45
2600,15064,3,1.75,1.0,0,0,1967,860000,606002.38
2160,3600,4,3.5,2.0,0,0,1998,601000,569707.6
1840,5000,3,1.0,1.0,0,0,1953,185000,486666.57
1520,1020,2,2.0,3.0,0,0,1999,307300,476387.5
2400,4848,4,2.5,2.0,0,0,2004,344000,449781.37
1940,5458,7,2.5,2.0,0,0,1994,280000,389419.26
1340,9764,3,2.0,1.0,0,0,1944,275000,351140.14
1580,8240,3,1.0,1.0,0,0,1978,253000,315222.5
3440,18167,3,2.5,2.0,0,0,1991,610000,751118.0
1190,3400,2,1.5,1.0,0,0,1919,441000,466938.06
2990,8913,4,2.5,2.0,0,0,1991,469900,656854.0
940,6000,2,1.0,1.0,0,0,1943,115000,312237.13
1800,8432,4,2.5,1.0,0,0,1960,375000,413990.0
3510,12905,4,2.0,1.0,0,2,1965,554820,971813.5
1600,6120,3,1.75,1.5,0,0,1924,525000,509862.46
2330,8364,4,1.75,1.0,0,0,1968,390000,416672.5
3130,5126,4,4.5,3.0,0,0,2014,1330000,866159.15
2010,7972,4,2.5,2.0,0,0,1989,590000,415970.8
3600,9437,5,2.75,2.0,0,0,2014,679950,786547.07
1540,7350,4,1.0,1.0,0,0,1969,160000,253530.25
1680,8946,3,2.0,1.0,0,0,1996,381000,318864.82
902,10464,3,1.0,1.0,0,0,1965,152000,241954.5
2140,7245,4,2.5,2.0,0,0,2003,495000,396935.2
2500,7417,4,2.5,2.0,0,0,1991,640000,555755.0
1000,1092,2,2.5,2.0,0,0,2004,220000,229608.76
1550,15040,3,2.0,1.0,0,0,1958,249950,397425.0
1510,4800,3,1.75,1.0,0,2,1925,465000,517453.8
1300,7735,3,1.75,1.0,0,0,1980,224500,237358.5
2960,42159,3,3.0,2.0,0,0,1995,849000,741695.5
1690,4080,4,1.75,1.0,0,0,1984,385000,382283.29
1440,9477,4,2.0,1.0,0,0,1943,199000,295411.84
1940,9144,4,2.25,1.0,0,0,1956,495000,544135.88
3550,136343,3,2.5,2.0,0,0,1977,545000,702656.0
1400,9000,3,1.0,1.0,0,0,1959,320000,251831.465
2090,5195,4,2.5,2.0,0,0,2007,300000,394599.78
1010,10057,2,1.0,1.0,0,0,1961,199950,251396.0
1230,7500,3,1.5,1.0,0,0,1962,270000,311922.11
1010,6000,2,1.5,1.0,0,0,1923,269000,384786.5
1830,6460,3,2.25,1.0,0,0,1976,430000,359188.45
1509,1114,3,2.5,3.0,0,0,2014,401500,487986.5
2790,6900,3,1.5,1.0,0,2,1955,560000,679521.14
1590,8779,4,2.0,1.0,0,0,2001,337000,305060.98
2060,16110,4,1.5,1.0,0,0,1949,815000,421507.0
1010,9600,3,1.5,1.0,0,0,1962,160000,221374.5
3650,7784,4,2.5,2.0,0,0,2006,835000,877372.73
2230,4952,4,2.5,2.0,0,0,2011,297000,421709.85
2730,54014,4,3.25,1.0,0,0,2007,625000,598823.3
1280,16200,3,1.75,1.0,0,0,1976,340000,303483.7
2180,7519,3,2.75,1.0,0,0,1981,568500,471919.15
1820,8142,3,1.0,1.0,0,0,1961,309000,309731.0
2000,7560,3,1.75,1.0,0,0,1968,295000,422568.9
1600,9289,4,1.5,1.0,0,0,1959,224000,312197.84
1500,19113,3,1.75,1.0,0,0,1984,418000,408754.3
1940,7313,3,1.75,1.0,0,1,1960,685000,470408.08
1670,1596,3,2.25,3.0,0,0,2014,539950,611065.39
2470,77550,4,2.5,1.0,0,0,1987,635000,592228.08
3040,52302,3,2.25,1.0,0,0,2005,1000000,688068.7666666666
2740,12899,4,2.5,2.0,0,0,1990,725000,690404.74
1740,9600,4,2.25,1.0,0,2,1957,294950,480907.16
2880,7560,6,3.0,2.0,0,0,1980,525000,514878.45
1090,9600,3,1.5,1.0,0,0,1968,200000,210977.2
1060,1208,2,2.25,2.0,0,0,2005,499950,430026.26
1390,18000,4,1.0,1.0,0,0,1955,234000,297515.0
1540,3600,3,2.0,2.0,0,0,1900,850000,567366.15
930,5368,2,1.0,1.0,0,0,1953,420000,216332.0
1490,4080,2,1.5,1.0,0,0,1956,389250,459885.27333333326
1880,12473,3,2.25,1.0,0,0,1958,399000,415481.0
1360,8136,4,1.0,1.0,0,0,1948,328000,324499.43
3350,4000,5,3.25,2.0,0,0,1997,1110000,931719.4
1630,8146,3,1.0,1.0,0,0,1952,415000,386307.83333333326
2150,9000,4,2.5,1.0,0,0,1979,317500,360438.9
1740,3060,3,1.75,1.0,0,0,1930,733000,538769.81
2160,8119,4,2.25,1.0,0,0,1966,440000,506120.45
2110,8751,4,2.75,1.0,0,0,1962,435000,569374.72
3160,35225,4,2.5,2.0,0,1,1992,805000,793674.16
2470,7350,4,2.25,1.0,0,0,1978,618000,430601.45
2580,11250,5,2.5,1.0,0,0,1964,260000,688212.5
1150,1193,3,2.5,2.0,0,0,2006,436000,369400.5
3000,213008,4,2.75,1.0,0,0,1975,500000,677922.83
2950,7024,4,2.5,2.0,0,0,2012,921800,680324.6
3040,5326,3,2.5,2.0,0,0,2008,500000,619857.25
820,10270,2,1.0,1.0,0,0,1954,150000,228035.15
2100,7135,4,1.75,1.0,0,0,1955,384000,529598.5
1880,7632,4,1.75,1.0,0,0,1978,266500,301975.0
1590,12040,3,1.0,1.0,0,1,1954,325000,477514.9
3480,59242,4,2.5,2.0,0,0,1988,810000,796834.5
3420,33106,4,3.5,2.0,0,0,2004,655000,735105.48
1250,6180,3,1.0,1.5,0,0,1955,233000,279218.9
1710,7000,4,2.25,1.0,0,0,1972,450000,333895.95
2060,7475,4,2.5,1.0,0,0,1985,575550,380815.38
1570,7416,3,1.75,1.0,0,0,1971,253000,407069.45
1360,3880,3,1.0,1.0,0,0,1963,466950,462037.0333333334
3250,5600,4,2.75,2.0,0,0,2011,570000,690228.54
1540,5449,3,2.25,1.0,0,0,1989,176000,370297.5
1300,7800,3,1.75,1.0,0,0,1968,445950,363310.95
1290,1213,3,2.0,3.0,0,0,2001,450000,378794.1
2770,9532,4,2.5,2.0,0,0,1988,711000,700219.5
1080,7775,2,1.0,1.0,0,0,1955,345000,276211.45
2070,8337,3,2.5,2.0,0,0,1997,325000,463691.88
2610,4781,4,2.5,2.0,0,0,2009,335000,484002.7
3420,5012,4,3.25,2.0,0,0,2008,548000,665795.75
990,39964,2,1.0,1.0,0,0,1945,120000,347582.5
1840,7326,3,2.25,1.0,0,0,1979,319990,350345.5
2220,6811,4,1.5,1.0,0,0,1961,320000,399850.0
2880,7599,3,2.25,1.0,0,2,1958,1540000,785077.64
1900,3960,3,2.25,1.5,0,0,1905,580000,595158.14
3240,20301,4,2.5,2.0,0,0,1985,749400,998971.5
2010,6000,3,2.25,1.0,0,0,1975,570000,518332.23
1860,9003,3,1.5,1.0,0,0,1955,415000,494302.88
1400,31626,3,2.25,1.0,0,0,1987,315000,341491.0
1640,7201,3,2.0,1.0,0,0,1948,405000,434596.92
2160,6272,3,1.75,1.0,0,0,1960,820000,502100.01
1370,5922,2,1.0,1.0,0,2,1941,703011,474975.18
1400,1312,3,2.5,3.5,0,0,2007,563500,400917.0
1860,7980,4,2.25,1.0,0,0,1966,380000,464939.07
1060,52272,3,1.0,1.0,0,0,1960,250000,266804.66
2330,7936,4,2.5,2.0,0,0,1987,565000,525635.69
2100,9752,5,3.0,1.0,0,0,2007,298450,434497.41
700,3180,2,1.0,1.0,0,0,1951,119900,255533.5
4410,36200,4,3.5,2.0,0,0,1989,1320000,1152429.0
1740,6992,3,2.5,2.0,0,0,1990,261500,304391.4
1430,8137,2,1.5,1.0,0,0,1934,403250,404926.2
1050,1609,2,2.5,2.0,0,0,2005,325000,307051.3
1730,9334,3,1.75,1.0,0,0,1977,499990,360906.5
1350,2560,2,2.0,1.0,0,0,1976,335000,336232.5
2130,7199,3,2.5,2.0,0,0,1990,546500,388196.63833333337
1900,8100,3,2.0,1.0,0,0,1940,520500,510011.0
740,4459,2,1.0,1.0,0,2,1915,295000,258519.62
2490,24969,5,1.75,1.0,0,2,1959,630000,604332.52
1690,10062,3,2.0,1.0,0,2,1928,356200,466081.42
950,15996,2,1.0,1.0,0,0,1946,193500,317009.0
2993,19400,4,1.5,2.0,0,0,1921,540000,792417.0
1990,15985,3,2.5,1.0,0,0,1964,542000,396043.45
1780,5000,4,2.5,2.0,0,0,1991,175000,338489.6
4300,70407,4,3.5,2.0,0,0,1992,600000,1139174.5
3080,4815,4,3.5,2.0,0,3,1937,1660000,1213185.0
1250,7592,3,1.0,1.0,0,0,1961,235000,292539.7
1210,5240,3,1.5,1.0,0,0,1983,305000,252412.05
4020,7500,8,4.0,1.0,0,0,1968,900000,1025044.98
2930,5500,5,3.0,1.0,0,0,1951,445000,667072.5
3560,107362,6,3.25,1.5,0,0,1963,1100000,896128.0
1700,1156,3,2.5,2.0,0,2,2002,585000,611518.4
1790,4038,3,2.5,2.0,0,0,2005,541000,353044.75
1740,8750,5,2.5,1.0,0,0,1959,199950,470248.5
1400,9750,3,1.0,1.0,0,0,1968,253000,257781.25
2830,6163,4,2.5,2.0,0,0,2000,527000,630483.8
1720,3012,3,2.5,2.0,0,0,2011,500000,438988.6966666667
1860,7190,3,1.5,2.0,0,1,1952,580000,594598.86
1310,4000,2,1.0,1.0,0,0,1913,510000,428075.49
4090,11225,4,2.5,2.0,0,0,2005,885000,990586.9
3160,7143,4,2.75,1.5,0,0,1933,845000,997460.5
3350,3600,5,4.25,2.0,0,0,2014,1430000,1231187.5
1650,10000,3,2.25,2.0,0,0,1988,266750,374931.48
1300,3550,3,1.0,1.5,0,0,1927,455000,530994.5
2500,4046,4,2.25,1.5,0,0,1940,669500,726509.0
1200,890,3,1.5,2.0,0,0,2008,464950,368079.26
1330,7419,3,2.0,1.0,0,0,1985,344950,233987.5
1700,6200,3,2.5,2.0,0,0,1997,262000,283129.0
1810,5080,3,1.5,1.0,0,0,1958,430000,512422.51
2120,11340,3,1.75,1.0,0,3,1966,368000,562408.7
1910,3376,2,1.75,2.0,0,0,1980,230000,495891.17
2770,5612,4,2.5,2.0,0,0,2001,650000,746889.5
2770,13500,4,2.25,2.0,0,0,1974,890000,660714.0
1240,10800,3,2.0,1.0,0,0,1967,297950,343662.0333333334
2500,11070,4,2.5,1.0,0,2,1964,380000,612562.0
2460,41343,3,2.0,1.0,0,0,1988,620000,521537.02
960,10815,3,1.0,1.0,0,0,1900,199999,284567.0
2400,99752,3,2.5,1.0,0,0,1996,590000,550216.76
3250,13360,4,2.5,2.0,0,0,2014,486940,816644.51
1530,6450,2,1.0,1.0,0,0,1920,590000,597080.24
670,10920,2,1.0,1.0,0,0,1942,240000,188932.98
2060,13500,4,2.5,1.0,0,0,1968,269950,437072.57
1030,5000,3,1.0,1.0,0,0,1960,253000,231148.0
1990,8501,3,2.25,2.0,0,0,1991,564800,407063.43
1480,7480,3,2.0,1.0,0,0,1992,254000,271726.1
1720,9342,3,1.75,1.0,0,0,1981,245000,387573.5
1610,5100,3,2.0,1.5,0,0,1940,690000,524419.02
3290,5414,4,3.5,2.0,0,1,2006,899950,748737.92
4660,9900,5,4.0,2.0,0,2,1979,739000,1375832.32
1010,9514,3,1.0,1.0,0,0,1969,270000,246054.0
3850,19842,4,3.25,2.0,0,3,1989,1200000,1291247.0
1580,5000,3,1.5,1.0,0,0,1939,700000,474380.74
2260,7753,4,2.5,2.0,0,0,1989,604000,490784.93
2390,4000,4,3.0,1.5,0,0,1931,845000,763093.0
1830,5331,4,2.5,2.0,0,0,2002,353000,310485.0
2680,10000,4,3.5,2.0,0,0,1942,520000,566616.0
2267,3577,4,2.5,2.0,0,0,2014,306000,418529.05
1490,956,4,2.25,2.0,0,0,2005,507000,475497.92
2610,4080,5,2.25,2.0,0,0,1909,678940,942790.0
1990,7252,4,2.75,1.0,0,0,1999,270000,330669.0
1200,9800,3,1.0,1.0,0,0,1971,374000,235325.0
2320,32772,3,2.5,2.0,0,0,1992,630000,514557.5
3100,36562,4,2.5,2.0,0,0,1994,700000,617915.0
2740,45732,4,2.5,2.0,0,0,1995,483500,639491.52
1270,7500,2,1.75,1.0,0,0,1982,365000,302837.5
1630,8400,4,1.0,1.0,0,0,1962,209950,238753.5
1870,1900,3,2.25,3.0,0,0,2008,770000,511946.0
2020,6628,3,2.5,1.0,0,0,1963,300000,492341.2
2640,13939,2,2.0,1.0,0,1,1963,850000,771485.5
1800,224769,2,1.75,1.0,0,0,1950,400000,475567.85
2210,8556,4,2.0,1.0,0,1,1954,794154,614286.11
1950,13320,4,1.75,1.0,0,0,1969,635000,424093.0
1520,6380,3,1.75,1.0,0,0,1948,438000,400867.0
2980,7000,4,3.25,2.0,0,3,1900,1400000,1308109.0
3050,7238,4,2.5,2.0,0,0,1989,635000,622383.49
2220,6380,3,2.5,1.5,0,0,1931,650000,788553.2
2550,6000,2,2.25,2.0,0,0,1902,660000,990881.75
2790,6720,3,2.5,2.0,0,0,2002,650000,583406.84
4060,5500,4,1.75,2.0,0,0,1924,1300000,1356050.0
2460,7830,5,2.75,1.0,0,0,1955,835000,667504.97
830,3386,3,1.0,1.0,0,0,1942,295000,326408.17
6380,88714,4,4.5,2.0,0,0,2006,1820000,1886890.0
1250,20040,3,1.0,1.0,0,0,1970,318000,315539.5958333334
1600,7982,3,2.5,2.0,0,0,1993,315000,277830.8
1450,6000,3,1.0,1.0,0,0,1953,287000,325132.7
3150,13700,4,2.5,2.0,0,0,1966,1260000,984101.5
1710,4189,2,1.5,1.0,0,1,1951,453500,538467.5
1860,11122,3,2.5,2.0,0,0,1994,429000,452231.17
1940,6654,5,1.75,1.5,0,0,1953,359000,518194.99
2290,11200,3,2.0,2.0,0,0,1979,572500,668445.7
580,1799,1,1.0,1.0,0,0,1908,330600,297078.62
1570,43350,3,2.25,1.0,0,3,1967,325000,404274.96
1510,6095,3,2.5,2.0,0,0,1991,260000,265428.5
1880,9659,3,2.0,1.0,0,0,1951,475000,643524.38
1640,7200,3,2.25,2.0,0,0,1985,561000,320243.5
1990,4000,2,1.75,1.0,0,0,1952,625000,536451.55
1310,2998,3,1.5,2.0,0,0,1998,325000,370044.17
1780,4050,3,2.5,2.0,0,0,2001,370000,394784.7
1660,5128,3,2.25,2.0,0,0,2001,300000,359330.8
1800,9236,2,1.0,1.0,0,0,1954,228000,392038.5
3580,14275,5,3.75,2.0,0,0,1999,765000,848173.74
1890,3006,4,2.25,2.0,0,0,2003,520000,392361.8233333333
2270,5102,4,2.25,1.0,0,0,1954,735000,646367.11
2800,4687,4,2.5,2.0,0,0,2005,399000,498779.93
710,5100,2,1.0,1.0,0,0,1905,402000,311055.36
2060,8451,4,2.5,2.0,0,0,1995,543000,330109.38
1660,4800,3,1.75,2.0,0,0,1906,625000,709044.68
2080,12522,3,1.75,1.0,0,0,1950,249900,375014.5
1250,8084,3,1.75,1.0,0,0,1967,209000,330788.1
1630,7573,3,2.25,1.0,0,2,1983,490000,455556.76
4830,18707,5,5.25,2.0,0,1,1952,1680000,2116584.5
1070,8250,3,1.0,1.0,0,0,1961,164000,297212.5
2050,8750,4,2.0,1.0,0,0,1967,300000,383278.5
4390,6220,5,3.5,2.0,0,3,2013,1880000,1415340.0
1400,7360,3,1.0,1.0,0,0,1968,148226,270557.75
1930,8336,4,2.5,2.0,0,0,1995,319000,327239.0
1840,14985,3,2.0,1.0,0,0,1968,560000,388528.5
1290,3880,3,1.0,1.5,0,0,1919,456500,454416.25
1030,6621,4,1.0,1.0,0,0,1955,205000,253069.91
2370,2971,4,2.5,2.0,0,2,2008,749950,625895.85
3560,8975,4,2.75,2.0,0,0,2014,1750000,845186.56
880,1753,2,1.0,2.0,0,0,1945,330000,402213.83
3690,9892,4,3.0,2.0,0,0,1998,865000,712507.0
2450,5000,4,2.0,2.0,0,4,1919,969000,959000.0
2580,3909,4,2.5,2.0,0,0,2013,899900,730315.6066666666
1820,8118,4,1.75,1.0,0,0,1980,264000,370428.46
840,5000,2,1.0,1.0,0,0,1908,457500,355996.55
1680,13751,3,1.5,1.0,0,0,1951,572000,386414.0
6980,15682,6,4.25,3.0,0,4,1999,3100000,2472000.0
1460,968,3,2.25,2.0,0,0,2003,443750,462016.5
1640,18144,3,1.0,1.5,0,0,1942,308000,403816.29
1300,14350,3,2.0,1.0,0,0,1955,502000,362308.5
1520,7456,3,2.0,1.0,0,0,1949,167000,398455.5
1400,9384,4,1.0,1.5,0,0,1948,325000,322597.72
1810,3192,3,2.5,1.0,0,0,2001,355000,390864.18
2790,10819,4,2.75,2.0,0,0,1996,765000,677365.5
1810,100188,3,1.5,1.0,0,0,1969,358000,329420.5
1550,8778,3,1.0,1.0,0,0,1952,299000,314466.6666666667
2000,7350,3,1.5,1.0,0,0,1953,560000,435673.0
700,3400,2,1.0,1.0,0,0,1946,399000,340406.5
1140,1184,2,2.25,2.0,0,0,1999,399950,413416.66
890,5000,2,2.0,1.0,0,0,1917,207950,435253.0
1510,3844,2,1.0,1.0,0,0,1923,335000,531794.0
570,6000,1,1.0,1.0,0,0,1918,310000,238121.0
1450,6081,3,2.0,1.0,0,0,1969,405000,336544.18
1350,7370,3,1.75,1.0,0,0,1912,190000,361870.2
1700,6380,4,2.5,1.0,0,0,1940,435000,507728.615
4010,16200,6,3.5,1.0,0,0,1955,1650000,1331076.0
1770,7000,4,2.25,1.0,0,0,1972,480000,383472.44
1820,8255,4,2.25,1.5,0,0,1930,399888,396512.35
2340,4500,5,2.5,2.0,0,0,2009,429000,419732.75
1920,7665,4,1.75,1.0,0,0,1975,341000,405673.0
1900,6660,3,2.0,1.0,0,0,1966,250000,393520.8
1350,3900,2,2.0,1.0,0,0,2003,428000,409470.2
1760,9602,4,2.25,2.0,0,0,1987,353500,350322.49
1100,5000,3,1.0,1.0,0,0,1961,199990,262716.98
2030,9600,4,2.0,1.5,0,0,1947,253779,469486.2
1050,9800,2,1.75,1.5,0,0,1975,175000,268820.0
2810,8570,4,2.75,2.0,0,0,1993,1570000,558444.81
2020,10031,3,1.75,1.0,0,0,1952,535000,563796.0
2680,4673,4,2.25,2.0,0,0,1999,475000,625155.0
1480,5600,3,1.0,1.0,0,0,1947,200000,342951.95
2280,9899,4,2.5,2.0,0,0,1987,325000,600479.0
3360,7685,4,2.5,2.0,0,0,2001,455000,873656.2
1730,6368,3,2.5,2.0,0,0,1993,315000,276625.3
3040,7274,4,2.75,2.0,0,3,1986,640000,839689.5
2860,43821,3,2.5,2.0,0,0,1990,378500,589555.63
1350,14200,3,2.0,1.0,0,0,1989,322500,331712.0
2050,9580,3,1.75,1.0,0,0,1984,540000,435842.5952380952
1060,8625,3,1.0,2.0,0,0,1962,476500,255495.0
1980,8775,3,2.25,1.0,0,0,1959,437000,527469.64
2000,8400,3,1.75,1.5,0,0,1959,415000,435084.5
1640,8100,3,1.0,1.0,0,0,1939,190000,466115.5
2060,5742,4,2.5,2.0,0,0,1999,275000,347311.96
2430,7613,3,2.5,2.0,0,0,1986,384200,408559.43
1780,9732,3,2.0,1.0,0,0,1967,710000,408061.0
1310,8670,3,1.75,1.0,0,0,1984,216000,292881.38
1880,9360,3,1.75,1.0,0,0,1941,445500,483540.67
3060,8167,4,2.5,2.0,0,0,2005,753000,804333.15
3940,11632,3,3.5,2.0,0,0,2014,857326,1128748.88
2720,8120,5,2.5,1.0,0,0,1970,429000,438756.3
1160,1269,2,1.5,2.0,0,0,2005,453000,377555.82
2720,18295,4,2.25,1.0,0,0,1979,645000,550200.38
1290,5757,3,2.0,1.0,0,0,1994,200000,261808.52
2040,6300,4,2.5,2.0,0,0,2003,315000,318113.76
2190,14439,4,2.0,1.0,0,0,1977,280000,454389.5
1130,276170,2,1.75,1.0,0,0,2006,565000,423621.77
1510,8385,3,1.75,1.0,0,0,1968,400000,446348.45
2303,3826,4,2.5,2.0,0,0,2006,300000,358441.45
1670,9472,4,1.75,1.0,0,0,1960,335000,535921.4
1830,4500,4,2.5,2.0,0,0,2004,335000,339226.3
1990,7712,4,2.25,1.0,0,0,1973,627000,419807.43
1200,4000,2,1.0,1.0,0,0,1940,450000,452489.25
5584,68257,4,4.25,2.0,0,0,1998,1680000,1393920.0
2180,5367,4,2.5,2.0,0,0,2000,339995,429057.48
3830,4800,6,4.5,3.0,0,0,1919,989000,1224546.92
2400,7478,3,2.5,2.0,0,0,2002,489950,485037.0
1400,7800,3,1.0,1.0,0,0,1962,217000,288767.46
2070,4698,5,2.5,2.0,0,0,1999,337500,380236.99
3001,5710,5,2.5,2.0,0,0,2006,373000,487922.32
1860,43170,3,2.5,2.0,0,0,1986,526500,509834.9
1150,2723,2,1.75,1.0,0,0,1923,390000,452511.0
1900,5000,5,2.0,1.0,0,2,1957,630000,612815.76
2100,12338,3,2.5,2.0,0,0,1997,521900,469629.3
1160,6000,2,1.0,1.0,0,0,1942,468000,485814.57
3760,5260,3,2.5,2.0,0,0,2002,825000,824125.16
920,9812,3,1.0,1.0,0,0,1962,199500,251842.38
2020,7800,3,2.5,1.0,0,0,1958,444950,555747.19
2810,10613,4,2.5,2.0,0,0,1989,810000,622524.76
2410,15899,4,2.5,2.0,0,3,1990,610000,626342.46
1590,1102,3,3.5,3.0,0,0,2010,518500,511686.0
2120,4650,4,1.75,1.0,0,1,1951,582000,714412.0
1070,8030,3,1.75,1.0,0,0,1966,542000,346404.0
1350,6000,3,1.5,1.0,0,2,1950,525000,490935.75
2990,5342,4,2.5,2.0,0,0,2004,644500,672782.95
1200,9488,2,1.0,1.0,0,0,1941,231500,261597.29
1150,8184,4,1.0,1.5,0,0,1947,307000,303748.51
1380,7476,3,2.0,1.0,0,0,1989,272000,250464.0
1570,5706,3,2.0,1.0,0,0,1998,265000,355216.3
2650,12845,3,2.25,1.0,0,3,1977,898000,779750.0
1910,4667,5,2.0,1.0,0,0,1908,650000,582371.3
1240,7560,3,1.75,1.0,0,0,1967,222000,341600.6
2380,14500,3,1.5,1.0,0,0,1961,370000,517306.42
1350,3068,3,2.5,2.0,0,0,1991,613000,410914.33
3100,3900,4,3.25,2.0,0,2,1923,1450000,1053483.0
3860,15246,4,4.5,2.0,0,4,2004,1700000,1468204.0
1040,13100,2,1.0,1.0,0,0,1912,160000,231900.4
3220,8000,5,3.5,2.0,0,0,2008,1210000,787186.55
1150,10196,3,1.0,1.0,0,0,1957,383000,284295.5
2580,5200,3,2.75,2.0,0,0,2008,437000,568078.74
3190,9856,4,2.5,2.0,0,0,1979,387500,780867.4
1530,8925,3,2.0,1.0,0,0,1977,371025,344744.85
1790,32379,3,2.0,1.0,0,0,2007,440000,360688.45
1150,3600,2,1.0,1.0,0,0,1910,270000,508876.06
1260,9346,3,1.75,1.0,0,0,1963,200500,366734.0
1250,3825,2,1.0,1.0,0,0,1929,459500,467734.65
1570,7320,4,2.0,1.0,0,0,1960,450000,362883.35
2210,7916,3,2.25,2.0,0,0,1978,500000,404547.14
3430,9870,4,3.25,2.0,0,0,2014,749995,863385.52
1140,7800,2,1.5,1.0,0,0,1947,903000,379792.35
2780,7838,4,2.5,2.0,0,3,2004,563500,770899.4
3130,13412,4,2.75,2.0,0,0,1993,835000,747137.91
2180,5440,3,2.0,1.0,0,0,1904,785000,507087.0
1240,5500,2,1.0,1.0,0,0,1954,900000,394748.4
1060,16988,2,1.0,1.0,0,0,1954,151600,303500.66
2910,6555,4,2.5,2.0,0,0,2005,810000,543987.98
2190,45738,3,2.25,1.0,0,0,1990,620000,521216.0
1210,1032,2,1.75,2.0,0,0,2014,357562,370677.18
1780,4310,4,1.0,1.5,0,0,1919,336000,535974.5
1290,1137,2,2.25,3.0,0,0,2007,481000,443129.93
2280,10879,3,2.5,2.0,0,0,1984,577500,634424.5
2800,18673,4,2.25,1.0,0,0,1965,940000,679876.0
1910,5125,3,2.5,2.0,0,0,2006,663000,454594.37
1630,9010,4,2.0,1.0,0,0,1975,234000,355499.5
3790,10669,4,2.75,2.0,0,0,1999,875000,895859.5
1960,6380,3,1.75,1.0,0,0,1939,561500,505127.06
1100,5525,3,1.75,1.0,0,0,1968,209950,243582.0
2540,6093,3,2.5,2.0,0,0,1999,567000,474439.5
1980,9000,4,1.75,1.0,0,0,1978,213000,350638.06
2030,4080,4,2.5,1.5,0,0,1921,730000,674148.02
1070,6000,2,1.0,1.0,0,0,1955,324000,263636.0
1890,6183,3,1.5,1.0,0,0,1967,400000,362497.0
2701,4500,4,2.5,2.0,0,0,2014,399895,455388.84
2710,23292,3,2.5,1.0,0,4,1956,999000,868970.0
2400,15781,5,2.75,1.0,0,0,1974,406550,503509.08
2390,30409,3,1.75,1.0,0,0,1953,335000,542358.14
3110,6142,4,2.5,2.0,0,0,2004,751000,589462.47
1940,9000,3,2.5,1.0,0,0,1948,576000,430407.87
2340,7200,4,1.75,1.0,0,0,1960,290000,383143.5
3220,8436,4,2.25,2.0,0,0,1968,800000,849037.95
3470,28212,5,2.25,1.5,0,0,1978,455000,704050.0
1290,9312,3,2.0,1.0,0,0,1947,215000,371895.7
2870,35757,4,2.5,2.0,0,0,1977,480000,689904.62
1520,7200,3,1.5,1.0,0,0,1990,279950,272330.0
1740,9547,3,1.5,1.0,0,0,1962,269950,390045.0
4500,11795,4,4.0,2.0,0,0,1991,1520000,1462935.66
1810,42981,4,2.0,1.0,0,0,1973,295000,409383.0
840,11600,2,1.0,1.0,0,0,1952,187000,246019.01
1400,9031,2,1.5,1.0,0,0,1982,190000,276705.88
1810,1658,3,2.5,3.0,0,0,1998,449000,591823.04
2340,9100,4,1.75,1.0,0,0,1975,700000,404858.37
2770,8820,3,2.5,1.0,0,0,1980,390000,631546.85
1550,1824,2,2.25,2.0,0,0,2007,348500,375687.51
900,4770,3,1.0,1.0,0,0,1969,146000,156756.5
3820,53574,4,3.75,1.0,0,0,1994,1220000,954816.5
1430,11761,3,1.75,1.0,0,0,1964,462600,329632.2
810,4755,2,1.0,1.0,0,0,1980,155000,226806.25
1070,7615,3,1.0,1.0,0,0,1969,195000,279741.08
4240,21578,3,3.5,2.0,0,0,1994,1390000,1610762.5
1960,7230,4,2.5,2.0,0,0,2002,269950,351165.5
1650,9600,3,1.75,1.0,0,0,1977,476000,368153.5
2420,5773,4,2.75,2.0,0,0,2005,376000,399856.0
1810,21138,3,1.75,1.0,0,0,1977,300000,386849.0
2100,17825,5,2.5,1.0,0,0,1974,309900,447538.78
4220,26784,5,3.5,1.0,0,0,1958,1640000,1320249.5
1900,7250,3,2.25,1.0,0,0,1967,245000,408645.04
1870,3230,3,2.25,2.0,0,0,1997,288400,472859.5
1120,7740,3,1.75,1.0,0,0,1948,355000,356128.5
2840,15598,5,2.5,1.0,0,0,1975,375000,613021.89
1900,6224,3,2.5,2.0,0,0,2005,536000,387201.34
1730,7416,3,1.75,1.5,0,0,1954,355000,384071.5
1390,10155,3,2.0,1.0,0,0,1980,190500,288081.5
2440,13250,3,2.0,1.0,0,0,1977,312000,520929.88
950,4080,2,1.0,1.0,0,0,1924,550000,463370.0
3180,9400,2,2.5,2.0,0,4,1985,1410000,1163115.0
910,5120,3,1.5,1.0,0,0,1973,107000,231841.0
2070,5013,3,2.5,2.0,0,0,1987,289950,500741.53
2580,15031,4,2.5,2.0,0,0,1999,700000,542815.61
1820,8217,4,2.5,1.0,0,0,1987,234000,414341.71
1639,2710,3,2.5,2.0,0,0,2003,450000,323042.5
1780,10409,3,1.75,1.0,0,0,1981,342000,354635.46
2497,4400,3,2.5,2.0,0,0,2007,275000,353743.66
1420,6060,3,2.0,1.0,0,0,1942,340000,360411.73
1600,4168,5,2.0,1.5,0,0,1927,365000,658821.0
1940,12100,4,1.5,1.0,0,0,1962,390000,373485.7
1330,1064,3,2.5,3.0,0,0,2004,375000,406735.5
1060,38644,3,1.75,1.0,0,0,1983,420000,278139.78
1680,9966,4,1.75,1.0,0,0,1977,268000,371832.0
2390,4500,4,3.0,2.0,0,0,1974,290000,547911.2
3620,403693,4,3.0,2.0,0,2,1980,495000,744933.0
4980,13000,4,4.25,2.0,0,3,1982,1250000,1646500.0
1670,1189,4,3.0,3.0,0,0,2000,582000,533732.5
1690,3240,5,1.0,1.5,0,0,1914,544500,655206.5
1553,1991,3,2.5,3.0,0,0,2014,412000,522749.32
1220,11730,4,1.0,1.0,0,0,1960,199000,312364.34
1810,7523,2,1.75,1.0,0,0,1962,501000,453292.05
3040,8111,5,2.25,2.0,0,0,1984,562000,626049.03
2330,7778,4,2.0,1.0,0,0,1961,500000,349771.0
790,1123,2,1.5,2.0,0,0,2003,365000,289023.1
3160,24437,3,2.5,1.0,0,3,1991,1150000,921103.0
2680,100188,3,2.25,2.0,0,0,1978,575000,667202.58
1920,4000,3,1.75,1.0,0,0,1950,615000,534371.13
1650,7218,3,2.25,1.0,0,0,1985,359000,266663.0
730,6000,2,1.0,1.0,0,0,1950,174950,269059.0
3030,3841,4,2.5,3.0,0,0,2005,880000,872343.5
1470,6808,3,2.25,1.0,0,0,1984,225000,268332.0
1540,7290,2,2.0,2.0,0,0,1948,462500,405598.0
1584,2800,3,2.25,2.0,0,0,2012,267000,282687.0
2350,4975,3,2.5,2.0,0,0,2012,700000,432386.4466666667
1920,3225,4,2.25,1.5,0,0,1923,595000,662961.12
1450,3600,4,2.5,1.5,0,0,1902,431000,555237.5
1550,1608,3,3.0,2.0,0,0,2001,390000,460231.05
2010,33090,3,2.0,1.5,0,2,1986,415000,794597.5
1150,7314,3,1.0,1.0,0,0,1960,300000,267069.02
1170,6700,3,1.0,1.0,0,0,1957,415000,351465.8533333333
2020,4120,3,1.0,1.5,0,0,1929,552500,618262.0
1500,8086,3,2.0,1.0,0,0,1981,425000,277049.5
2510,9887,5,2.25,2.0,0,0,1972,955000,622069.4
940,8377,3,1.0,1.0,0,0,1952,725000,252443.48
2720,11740,4,3.0,1.0,0,0,1957,940000,608837.5
2730,9388,3,2.25,1.0,0,0,1975,345000,613172.1
2730,3560,4,2.75,1.5,0,0,1921,885000,709071.25
4920,50621,4,4.0,2.0,0,0,2012,1410000,1371443.0
790,5240,2,1.0,1.0,0,0,1925,299800,226808.8
2060,8767,4,2.25,2.0,0,0,1983,543000,536298.89
2120,7650,3,2.75,1.0,0,0,1958,370000,527718.375
1680,4800,3,1.75,1.0,0,0,1960,550000,463133.09
1350,7740,3,1.0,1.0,0,0,1947,353000,301845.5
2480,10090,5,3.0,1.0,0,0,2004,372500,521455.5
2380,12573,4,2.5,1.0,0,0,1963,835100,640265.0
1430,5000,3,1.0,1.0,0,0,1919,552000,490833.83333333326
1930,15000,4,1.5,1.0,0,0,1946,270000,384601.5
2040,12065,3,1.75,1.0,0,0,1987,379950,382154.86
1330,5510,2,1.0,1.0,0,0,1910,417500,478165.75
3560,6562,4,3.5,2.0,0,0,2014,882990,857229.79
1987,6000,4,2.5,2.0,0,0,2011,255000,345671.5
4420,7902,4,3.5,2.0,0,0,2004,730000,1063137.44
1360,3300,2,2.0,2.0,0,0,2004,222000,322403.52
1570,6975,3,1.75,1.0,0,0,1979,359950,295645.0
860,12160,2,1.0,1.0,0,0,1921,310000,237942.0
2330,19436,4,2.25,2.0,0,0,1987,527000,498535.0
1320,8380,2,1.0,1.0,0,0,1953,447000,367639.5
800,7260,2,1.0,1.0,0,0,1953,325000,246934.29
2320,38186,3,2.25,2.0,0,0,1980,610000,497899.38
3320,9024,5,2.5,2.0,0,0,1999,800000,778850.52
1070,5750,3,1.0,1.0,0,0,1952,239300,314642.53
700,8301,2,1.0,1.0,0,0,1953,248000,225102.53
1880,10000,5,1.75,1.0,0,0,1963,405000,424524.75
1880,9600,4,1.75,1.0,0,0,1946,240000,490205.24
1160,10988,3,1.0,1.0,0,0,1965,360000,304543.5
3110,4408,4,3.0,2.5,0,3,1931,1420000,1257760.0
2257,10117,5,3.0,1.0,0,0,2005,349950,549208.18
2110,6820,4,2.5,1.0,0,0,1942,650000,619797.32
870,7500,2,1.0,1.0,0,0,1947,379950,296194.5
2530,16102,3,2.5,2.0,0,0,1989,435000,491700.46
1900,7604,3,2.5,2.0,0,0,1990,512500,347341.78
2520,5500,5,3.0,1.0,0,0,2004,350000,509688.38
1470,4950,3,1.75,1.0,0,0,1984,459500,413057.82
820,5040,2,1.0,1.0,0,0,1953,508000,249111.64
1400,7293,3,2.0,1.0,0,0,1963,511555,348398.0
2610,9002,3,2.25,2.0,0,0,1988,675000,565073.8
1890,6500,3,2.5,2.0,0,0,2012,409000,312221.96
1740,5247,3,1.0,1.0,0,0,1947,283000,504339.5
1450,7245,4,2.25,1.0,0,0,1950,375000,322186.14
1290,3060,4,1.75,2.0,0,0,1906,549000,535280.96
1690,3250,4,2.0,1.5,0,0,1901,487250,513903.1
2270,23900,3,2.25,1.0,0,0,1975,680000,591155.63
1150,7260,3,1.0,1.0,0,0,1959,221000,255494.51
1010,14510,3,1.0,1.0,0,0,1974,270000,272635.77
1410,1377,3,2.25,2.0,0,0,2005,377500,408796.0
1450,3748,3,2.5,2.0,0,0,2004,339000,327457.25
2370,76665,4,2.0,2.0,0,0,1978,411000,519038.1
2820,5348,3,2.75,2.0,0,0,2008,749000,674656.03
2170,9948,4,1.5,2.0,0,0,1952,195000,533691.5
2290,6250,4,4.0,1.5,0,0,1940,661254,591097.7
1810,34500,3,1.75,1.0,0,0,1980,299500,318112.0
1530,1568,3,3.0,3.0,0,0,2012,474950,499341.0
1660,11200,3,1.0,1.0,0,0,1957,261000,339676.16666666674
1350,14258,2,2.25,2.0,0,0,2007,395000,416549.64
2130,12286,3,2.25,2.0,0,0,1977,534950,613862.18
2009,5000,4,2.5,2.0,0,0,2014,303210,363043.5
3030,6813,4,2.5,2.0,0,0,1987,557865,640964.5
1290,9041,2,2.0,1.0,0,0,1956,275000,385261.8
3530,3610,3,3.5,2.0,0,0,2008,1500000,1506085.0
2100,20150,3,2.75,1.0,0,0,1955,530000,582417.26
1984,32400,4,2.5,1.0,0,0,1962,380000,426391.0
2420,8800,3,2.0,1.0,0,0,1959,298500,436224.63
1120,7797,2,1.0,1.0,0,0,1948,216180,347440.95
2068,7242,4,2.5,2.0,0,0,1976,276000,495155.11
1230,922,3,2.5,2.0,0,0,2009,399950,434701.5
4140,13392,4,3.5,2.0,0,0,2000,950000,1111167.21
1620,3880,2,1.0,1.0,0,0,1924,481000,576065.0
2290,14374,3,2.5,2.0,0,0,1983,622500,563920.0
3000,42200,4,1.75,1.0,0,3,1950,585000,1077180.1
2000,10051,4,2.5,2.0,0,0,1997,320000,396002.7
1970,10358,4,1.75,1.0,0,0,1977,385000,382872.54
3020,6788,4,2.5,2.0,0,0,2002,530000,632683.5
1430,13399,3,1.75,1.0,0,0,1946,215000,332052.88
1560,7569,4,2.0,1.5,0,0,1966,279000,388795.0
2920,2808,5,3.0,2.0,0,0,1960,830000,1064221.5
2580,7500,3,2.5,2.0,0,0,1991,640000,570053.5
5450,20412,5,5.0,2.0,0,0,2014,3420000,1781584.0
800,6380,2,1.0,1.0,0,2,1940,379000,359372.5
2170,7900,3,2.75,1.0,0,0,1978,296500,440030.14
870,5340,2,1.0,1.5,0,0,1906,271310,290813.09
3070,5936,4,2.5,2.0,0,0,2005,731000,533923.92
1790,4000,2,1.0,1.0,0,0,1923,710000,572275.52
1420,9900,5,1.5,1.0,0,0,1964,485000,282746.19399999996
4290,37607,7,4.5,1.5,0,0,1982,840000,979309.5
1590,2088,2,2.5,2.0,0,0,1997,411000,391312.0
1530,7845,4,2.25,1.0,0,0,1981,620000,313508.5
2500,7200,5,2.5,1.0,0,0,1977,661500,445912.9
1290,3870,3,1.75,1.0,0,0,1916,647500,469143.75
1180,2160,2,1.0,1.0,0,1,1909,600000,437673.12
1800,2700,3,2.5,2.0,0,0,2011,362500,373794.0
2570,9000,4,2.5,1.0,0,0,1979,287500,505892.76
2810,11902,4,2.5,2.0,0,0,1993,747500,635032.38
2760,10160,3,2.25,1.0,0,0,1969,336000,647264.4
6410,43838,4,4.25,2.5,0,2,1906,2730000,2500670.0
2120,6897,2,1.0,1.0,0,0,1923,600000,555752.52
2070,13084,4,2.25,1.0,0,0,1967,795000,458165.02
1720,9600,4,2.5,1.0,0,0,1961,200000,424957.36
1940,8196,3,2.5,2.0,0,0,1991,661000,329596.15
1990,5978,3,1.5,1.5,1,4,1926,625000,661883.95
2500,6350,3,2.75,2.0,0,0,1979,990000,525885.0
1840,5752,3,2.25,2.0,0,0,2003,465000,397108.98
1560,7207,3,1.75,1.0,0,0,1983,440000,362672.15
2090,6258,3,1.75,1.0,0,0,1956,350000,472241.0
2060,4030,3,2.5,2.0,0,0,1999,244615,483888.99
2060,8632,5,2.25,1.0,0,0,1962,255000,559843.0
2600,9355,4,2.5,1.0,0,0,1983,509000,532393.75
780,4200,2,1.0,1.0,0,0,1920,360000,295905.0
1220,8329,3,1.0,1.0,0,0,1946,387500,357028.36
1140,936,2,1.75,2.0,0,0,2014,549900,373901.98
1650,9750,4,1.0,1.0,0,0,1964,282500,265295.0
1680,15084,4,1.75,1.0,0,0,1979,340000,349213.0
1980,6660,4,2.5,2.0,0,0,1974,463000,385675.97
2060,5950,4,2.5,2.0,0,0,2000,292000,341292.58
1690,1689,3,2.5,2.0,0,0,2014,419990,457071.87
1490,10650,3,1.0,1.0,0,0,1963,460500,271318.0
2440,2812,3,3.25,2.0,0,0,2005,613000,588947.5
2000,7414,3,2.5,2.0,0,0,1993,290000,398867.05
2550,5663,2,2.25,1.0,0,0,2011,630000,716306.62
1580,9049,3,1.75,1.0,0,0,1966,389950,353319.09
2280,641203,2,2.0,2.0,0,0,1990,849900,540108.88
1950,9600,3,2.25,1.0,0,0,1987,260000,372480.9
4870,7700,5,3.5,2.5,0,3,1929,1740000,1937050.0
1230,8235,3,2.0,1.5,0,0,1959,195000,316514.5
1790,3952,4,1.5,1.5,0,0,1932,800000,593889.54
1450,7850,3,1.0,1.5,0,0,1910,257000,381054.0
1100,5200,3,2.0,1.0,0,0,1969,225000,222100.5
2170,153767,3,1.75,1.0,0,0,1976,585000,533958.39
1450,7300,3,2.0,1.5,0,0,1955,375000,369719.64
1408,989,3,2.5,3.0,0,0,2005,416286,433580.5
1980,7000,3,1.75,1.0,0,0,1977,329000,441495.0
2210,3917,2,3.0,2.0,0,0,2008,1260000,1180322.06
2130,2800,4,2.0,1.0,0,0,1922,800000,584685.0
2870,5490,3,2.5,2.0,0,0,2008,485000,665949.56
2220,4000,3,2.75,2.0,0,0,1914,800000,824612.5
1670,1350,3,2.75,3.0,0,0,2014,649950,585207.5
1330,8400,4,2.25,1.5,0,0,1962,540000,403579.5
2810,10986,4,2.5,2.0,0,0,1997,742000,669020.26
2200,20000,3,2.5,1.0,0,1,1952,1100000,918584.45
2300,11400,3,1.75,1.0,0,0,1977,505000,520991.38
3550,8048,4,2.5,2.0,0,0,2007,625000,903971.6
1290,1182,3,2.25,2.0,0,0,2006,525000,436323.1
2020,5500,3,2.0,1.5,0,3,1937,1400000,753107.55
1460,4600,4,1.0,1.0,0,2,1946,445000,452817.1666666666
880,4000,2,1.0,1.0,0,0,1916,199400,375967.0
2540,5237,3,2.5,2.0,0,0,2011,489950,442629.18
3200,22651,4,2.5,1.0,0,0,1970,385000,1169131.5
2110,5800,3,2.0,1.5,0,0,1927,725000,637476.01
1550,1827,2,2.25,2.0,0,0,2008,320000,369238.01
1400,2958,2,2.5,2.0,0,0,2007,372500,284310.3
1130,7500,3,1.75,1.5,0,0,1908,315450,387264.2
3530,14406,4,3.5,2.0,0,1,1987,874150,970542.0
1200,15843,3,1.0,1.0,0,2,1955,299000,456575.2
2540,7000,2,1.0,1.0,0,0,1942,580000,573003.0
2110,18815,3,2.0,2.0,0,0,1979,1150000,422454.16
1790,11393,3,2.25,1.0,0,0,1978,493000,387419.53
4190,38912,4,2.75,1.0,0,0,1965,910000,852645.0
1980,3243,3,1.0,1.5,0,0,1912,796000,602776.5
1790,7650,3,1.75,1.0,0,3,1978,299950,437624.23
1240,5000,3,1.0,1.5,0,0,1909,529950,376615.82
970,8040,3,1.0,1.0,0,0,1956,425000,243689.2
1840,9900,3,2.5,1.0,0,0,1978,552000,407984.5
2240,11250,3,1.5,1.0,0,0,1956,497000,567246.5
1660,4680,2,1.5,1.0,0,0,1908,368000,613252.08
1470,10125,3,2.0,1.0,0,0,1962,395000,290817.5
1250,15603,3,1.0,1.0,0,0,1959,235000,320120.55
3820,13224,4,3.5,2.0,0,0,1990,1240000,1048016.0
2260,7200,4,2.25,2.0,0,0,1984,289659,502224.26
3180,21904,4,2.5,2.0,0,3,2000,736500,733130.0
2620,19864,4,2.5,2.0,0,0,1984,650000,750244.64
3200,7282,4,2.5,2.0,0,0,2007,360000,782837.74
860,8511,2,1.0,1.0,0,0,1949,353000,240615.5
1640,14374,3,2.25,1.0,0,0,1963,362000,411906.5
1760,7601,3,2.5,2.0,0,0,1992,281000,320774.06
2090,10834,3,2.5,1.0,0,0,1987,285000,492978.64
2820,6666,4,2.5,2.0,0,0,2007,398500,593188.53
2330,12141,3,1.75,1.0,0,0,1983,535000,459306.16
2160,19283,4,1.75,2.0,0,0,1981,475000,456966.94
1830,10873,3,2.0,1.0,0,0,1989,305000,355179.5
2810,10300,4,2.75,1.0,0,0,1978,812500,632465.14
1445,1606,3,2.25,2.0,0,0,2003,387000,449250.35
1880,9163,4,2.25,2.0,0,0,1981,315000,388536.33
2700,8580,4,2.25,2.0,0,0,1992,338150,558663.74
2360,4000,4,2.25,2.0,0,0,2013,1300000,489008.44
2510,35020,4,2.5,1.0,0,0,1977,630000,525513.88
2080,2050,3,2.25,1.5,0,0,2003,284000,493232.38
2760,5670,4,2.75,2.0,0,0,2014,847093,583319.59
1550,7260,3,1.5,1.5,0,0,1925,313000,326042.24
1090,6125,3,1.0,1.0,0,0,1945,392000,285748.53
3210,12000,5,2.5,1.0,0,0,1968,725000,832309.0
1920,7229,3,2.5,2.0,0,0,1993,295000,379619.59
1740,9370,3,2.25,1.0,0,0,1992,289950,362429.4
3120,5000,4,2.75,2.0,0,0,2010,800000,666049.34
1340,7605,2,2.0,1.0,0,0,1992,230000,275341.88
1470,7137,2,1.0,1.0,0,0,1941,445434,394847.5
2220,4760,4,1.75,1.0,0,0,1918,397500,596870.7
1710,9720,5,2.5,2.0,0,0,1974,549000,329973.75
1570,7475,3,2.25,1.0,0,0,1983,425000,355271.43
2850,12429,4,2.5,2.0,0,0,2008,750000,596270.96
1160,1174,3,2.0,2.0,0,0,2007,230000,356265.9
2150,4084,3,2.5,2.0,0,0,2007,465000,525194.1
3760,9792,5,3.25,2.0,0,0,1984,851000,790049.5
2970,5000,4,3.5,2.0,0,2,2001,866800,777626.34
4270,7500,5,3.75,2.0,0,0,2014,1600000,1304626.84
1640,10762,3,1.75,1.0,0,0,1988,226500,372852.3
3740,39640,3,3.0,2.0,0,2,1991,789000,877921.0
2020,7865,4,1.75,1.0,0,0,1963,302000,379324.0
1540,704,3,3.25,3.0,0,0,2011,742000,607343.5
1870,3118,3,2.5,2.0,0,0,1993,205000,472303.3
1810,1846,3,3.5,2.0,0,0,2009,625000,416677.06
1170,14149,1,0.75,1.0,0,0,1962,275000,289201.83333333326
2220,15757,3,2.25,1.0,0,0,1982,558000,471005.5
3950,111078,3,3.5,1.5,0,0,1989,784000,900691.0
1250,7200,3,1.5,1.0,0,0,1978,165000,284271.9066666666
1730,5750,3,1.5,1.0,0,0,1947,550000,465007.75
3000,5413,3,1.75,2.0,0,0,1963,523000,687383.36
6840,10000,2,1.75,2.5,1,4,2001,3280000,2551300.0
1720,8117,3,1.75,1.0,0,0,1978,583500,358699.5
1810,914,3,2.5,3.0,0,0,2008,450000,551504.1
1790,9335,5,1.75,2.0,0,0,1952,695000,471968.35
3060,16000,3,2.25,2.0,0,0,1988,1760000,679739.37
1640,6000,4,2.0,1.5,0,0,1911,735000,482354.01
1240,3500,3,1.0,1.0,0,0,1927,660000,531946.75
3070,14400,3,2.5,1.0,0,3,1985,550000,1135711.14
1300,9600,3,1.0,1.0,0,0,1975,195000,314723.69
1040,8128,3,1.0,1.0,0,0,1983,234000,259312.4
1330,5632,3,2.0,1.0,0,0,1988,424000,272200.24
1670,8856,4,1.75,1.0,0,2,1955,349170,595181.0
3140,3680,4,3.25,2.0,0,0,2009,760000,947542.5
1210,7440,3,1.0,1.0,0,0,1949,324950,339533.0
2130,8225,3,2.0,1.0,0,0,1987,397500,349178.5
3240,8016,3,2.5,2.0,0,0,2004,600000,739692.59
2300,7200,3,2.25,1.0,0,0,1978,287000,435382.0
1950,8480,3,1.75,1.0,0,0,1962,615000,379864.92
1760,6875,3,2.0,1.0,0,0,1967,400000,371266.49
3510,5760,6,3.0,2.5,0,0,1906,1750000,1049715.99
1068,1158,2,1.5,2.0,0,0,1990,207000,301181.5
3870,8225,5,3.75,2.0,0,0,1998,900000,788305.5
2641,8615,4,2.5,2.0,0,0,1998,324950,468647.5
1090,4000,2,1.5,1.0,0,0,1951,460000,325045.76
2510,5436,4,2.5,2.0,0,0,2011,706000,473643.79
4160,35153,3,3.25,3.0,0,2,2001,1700000,980933.0
1160,8504,2,1.0,1.0,0,0,1949,345000,302343.93
2690,6164,4,3.5,2.0,0,0,2002,699850,495334.14
3180,9889,4,3.75,2.0,0,0,2012,1150000,925178.52
1410,4080,3,1.75,1.5,0,0,1927,541000,591594.5
1180,7793,3,2.0,1.0,0,0,1992,265900,246588.0
2850,4650,4,2.5,2.0,0,0,2004,360000,549957.0
3380,8098,4,3.5,1.0,0,1,1952,860000,1018849.0
2570,4865,4,2.5,2.0,0,0,2005,320000,476262.08
1720,9775,3,1.75,1.0,0,0,1978,169000,347457.5
2580,11000,3,1.75,1.0,0,0,1951,459900,714639.32
1690,7728,4,2.0,1.5,0,0,1967,207000,405149.5
3740,11467,4,3.25,2.0,0,0,2014,1140000,1109205.06
2360,9005,3,2.5,1.0,0,0,1929,480000,616397.3
1520,8519,3,1.5,1.0,0,0,1954,365000,468549.95
2550,9674,3,2.25,1.0,0,0,1959,355000,626723.25
1000,4956,2,1.0,1.0,0,2,1916,484950,397760.7
1445,1471,3,2.25,2.0,0,0,2003,389999,479870.85
1750,1548,3,2.5,3.0,0,0,2013,495000,619726.5
3230,17833,3,2.25,2.0,0,0,1973,2110000,830188.97
1450,7200,3,1.0,1.0,0,0,1969,306000,310681.66
3160,5635,5,2.5,2.0,0,0,2003,685000,557835.52
1330,7600,3,1.5,1.0,0,0,1968,218000,295634.35
2610,9426,4,2.75,1.0,0,0,1965,368000,590467.5
1530,8700,3,2.0,1.0,0,0,1970,235000,421119.0
1970,14490,4,1.5,1.5,0,0,1963,374950,383828.8
1960,48787,4,2.75,1.5,0,0,1983,565000,523167.0
1480,2502,3,2.0,2.0,0,0,1991,355000,408341.55
1830,9600,4,1.75,1.0,0,0,1966,433000,474460.0
2300,6009,3,2.5,1.0,0,0,2005,738500,538568.0
3140,14923,6,3.25,2.0,0,0,1991,925850,593659.4766666667
1410,5760,3,2.0,1.0,0,0,1985,245000,264122.0
3160,12824,3,2.5,1.0,0,2,1966,1600000,744303.5
2510,3819,3,2.5,2.0,0,0,2007,667000,516481.51
3810,13592,4,3.5,1.0,0,1,2013,839900,1022476.9
1770,17208,3,1.5,1.0,0,0,1959,450000,332082.5
1240,2689,2,2.5,2.0,0,0,1986,174500,312274.69
1646,9519,3,2.25,2.0,0,0,1994,305000,323699.26
2820,8879,3,1.75,1.0,0,0,1920,456700,638241.75
2320,8721,4,2.5,2.0,0,0,1991,562500,502910.01
2690,8451,4,2.75,2.0,0,0,1998,346290,491226.57
1540,8400,3,1.5,1.0,0,0,1968,380000,388025.2
2150,8173,4,2.5,2.0,0,0,1987,415000,484096.05166666664
2120,14915,3,2.25,1.0,0,0,1979,332000,397155.0
1370,9000,3,1.5,1.0,0,0,1962,225000,242132.41449999998
1810,24586,3,1.75,1.0,0,4,1983,990000,435438.5
1860,11227,3,2.25,2.0,0,0,1995,330000,430387.17
2300,9521,3,2.5,2.0,0,0,2003,435000,566062.0
3100,5250,5,3.0,2.0,0,0,2006,539950,589290.7
2330,6703,4,2.75,1.5,0,0,1983,580000,434644.0
2700,6947,3,2.5,2.0,0,3,2013,950000,695362.28
1290,2828,2,1.0,2.0,0,0,2008,265000,306479.49
2980,12075,4,2.5,1.0,0,0,2007,495000,649607.1666666666
2280,5400,5,2.0,1.5,0,0,1947,712500,585892.5
2290,3507,2,2.5,2.0,0,0,2005,630000,1123010.0
1750,5355,3,1.0,2.0,0,0,1929,707900,549759.5
1630,7969,4,2.25,1.0,0,0,1977,412500,313327.48
730,5040,2,1.0,1.0,0,0,1927,316000,274674.0
4270,12305,4,3.5,2.0,0,2,1994,1160000,1539119.333333333
1850,6480,4,1.75,1.0,0,0,1958,400000,446821.77
4140,14757,4,5.25,2.0,0,2,2005,1060000,1208115.0
1080,4000,2,1.0,1.0,0,0,1940,345000,407708.5
1650,14054,3,2.5,1.0,0,0,1986,379880,354275.4825
1410,1287,3,2.25,2.0,0,0,2005,379500,407645.0
1460,8710,3,1.5,1.0,0,0,1955,324950,521084.07
2990,216057,3,2.25,2.0,0,0,1994,500000,676961.75
1760,10200,5,2.5,1.5,0,0,1925,220000,382297.63
1690,5131,3,2.5,1.0,0,0,1941,460000,515324.9
2180,15693,3,2.5,1.0,0,0,1979,545000,428919.9
1300,4127,3,1.75,1.0,0,0,1918,270000,442673.0
720,6321,2,1.0,1.0,0,0,1940,235000,271661.8
4230,6420,6,4.5,2.0,0,3,1916,1470000,1782366.99
1710,5633,3,2.5,2.0,0,0,1981,372000,421898.33
3770,8899,4,4.0,2.0,0,0,2006,1100000,958149.46
2290,9772,2,2.25,1.0,0,0,2007,737000,595792.18
2960,5500,3,3.0,2.0,0,2,1937,1340000,1054820.0
3180,12070,4,3.0,2.0,0,0,1976,790000,821210.98
940,5120,2,1.0,1.0,0,0,1909,375000,380325.55
2150,8221,3,2.5,2.0,0,0,1992,470000,409762.59
2860,48351,4,1.75,1.0,0,0,1978,530000,603208.65
2060,7184,3,2.5,2.0,0,0,1987,545000,466797.97
1320,7155,3,1.0,1.0,0,0,1961,185000,359908.53
1810,7209,3,2.0,1.0,0,0,1978,260000,341532.5
2230,7934,3,2.5,2.0,0,0,2005,445000,482225.4
4470,60373,4,2.25,2.0,0,0,1988,1120000,1011548.0
2020,16120,4,1.75,1.0,0,0,1969,640000,427062.76
3090,5859,4,2.75,2.0,0,0,2010,760005,634570.58
1230,10170,3,1.0,1.0,0,0,1979,255000,259949.5
2370,184231,2,1.5,2.0,0,0,2005,1060000,544591.26
1090,17630,3,1.0,1.0,0,0,1962,197000,237264.17
2720,7810,4,1.75,1.0,0,0,1952,599950,691182.5
1700,4268,4,2.5,2.0,0,0,2000,245000,369402.99
2880,13500,3,2.5,1.0,0,4,1950,1990000,1174569.08
1210,5000,2,1.5,1.5,0,0,1907,615000,349793.28
3100,10189,5,2.5,2.0,0,0,2002,540000,668962.06
2330,11740,3,1.5,1.0,0,0,1954,450000,551438.08
3190,19513,4,2.75,2.0,0,4,1982,2130000,940647.0
1230,7020,3,1.0,1.0,0,0,1924,410000,367374.75
2750,18029,3,2.75,1.0,0,2,1978,950000,707100.76
900,7500,1,1.0,1.0,0,0,1946,305000,277102.0
1560,77536,3,2.75,1.0,0,0,1978,500000,461962.0
1140,9800,3,1.75,1.0,0,0,1968,206000,202412.10404761904
2320,6755,2,1.75,1.0,0,0,1946,705000,564075.8
2620,9525,4,2.5,2.5,0,0,1974,838400,591943.4
2720,8712,4,2.25,2.0,0,0,1976,840000,561640.5
2437,5136,3,2.5,2.0,0,0,2011,285000,508968.335
1260,1634,3,3.0,3.0,0,0,1998,342000,362096.0
1630,2566,4,1.0,1.5,0,0,1921,581000,592102.25
3480,38985,4,2.5,2.0,0,0,1989,895000,833222.5
3350,9681,4,3.5,1.0,0,1,1980,400000,780569.0
2010,7447,3,2.25,2.0,0,0,1985,500000,493076.56
3390,5211,5,2.75,2.0,0,0,2004,735000,719053.65
3030,21780,4,2.75,2.0,0,0,1986,608250,782014.07
1950,10766,2,1.75,1.0,0,3,1952,669000,591130.76
1510,10369,3,1.0,1.0,0,0,1968,313000,256940.18
1550,1092,3,2.5,3.0,0,0,2004,550000,478732.0
1210,9473,3,1.0,1.0,0,0,1955,453000,310315.5
2640,4050,3,2.75,1.5,0,0,1926,1100000,755080.25
1140,5400,2,1.0,1.0,0,0,1908,549000,450807.0
2020,48693,4,2.0,1.5,0,0,1949,356000,473725.38
1000,6947,3,1.0,1.0,0,0,1947,390000,353947.25
1630,11800,3,1.75,1.0,0,0,1971,280000,385821.5
2550,4950,4,2.75,2.0,0,0,1989,669888,596352.17
2250,5472,5,2.0,1.5,0,0,1930,319450,642111.95
1460,8505,3,1.5,1.0,0,0,1955,265000,431464.07
1360,69260,2,1.0,1.0,0,0,1937,335000,506379.75
1180,8240,3,1.0,1.0,0,0,1967,205000,237636.51
2410,4560,4,2.25,2.0,0,2,1929,960000,875609.0
3361,6983,5,2.5,2.0,0,0,2006,511000,742446.32
1900,5520,3,1.75,1.0,0,0,1982,385000,430337.48
1540,5040,3,1.5,2.0,0,0,1907,659000,580188.6
2434,4400,4,2.5,2.0,0,0,2007,285000,466945.5
1370,1221,2,1.5,2.0,0,0,2008,446000,388910.74
1430,1002,3,2.5,3.0,0,0,2002,349000,429125.15
1180,3200,2,2.0,1.0,0,1,1945,360000,425904.5
2620,6178,4,2.75,2.0,0,0,2013,475000,567138.41
1480,7040,3,1.75,1.0,0,0,1974,510000,362872.5
2980,3000,4,3.5,2.0,0,0,2008,905000,841778.0
1080,5000,2,1.0,1.0,0,0,1954,325000,252523.9
3890,27311,5,2.5,2.0,0,2,1950,1100000,1001563.0
2180,10754,4,2.25,1.0,0,0,1954,315000,701279.75
1680,9383,5,1.0,1.0,0,0,1929,274000,444041.19
1510,10215,3,2.0,1.0,0,0,1995,270000,320646.6
1330,8004,3,2.25,2.0,0,0,1985,375000,292787.0
2270,5760,4,2.0,2.0,0,0,1909,724950,833480.0
2800,10786,4,2.5,1.0,0,0,1970,605000,559613.82
1250,8700,3,1.5,1.0,0,0,1959,306000,422861.0
880,6171,2,1.0,1.0,0,0,1949,378500,308165.89
2590,223027,3,2.75,2.0,0,0,1983,920000,605157.5
1560,5130,3,2.0,1.0,0,0,1915,549000,504041.54
2360,5504,3,2.25,2.0,0,0,1913,1330000,1023659.0
4010,12110,5,3.25,2.0,0,0,2003,1100000,1204981.0
1982,6406,4,2.5,2.0,0,0,2004,283200,340284.11
9200,35069,5,5.75,2.0,0,0,2001,5570000,4843900.0
2290,15600,3,3.0,1.0,0,0,1948,465000,500414.98
3180,23809,5,2.5,1.0,0,0,1978,499950,843442.81
3390,4500,4,1.0,1.5,0,0,1924,780000,961000.0
1600,9830,3,2.5,2.0,0,0,1993,299950,331317.86
6880,279968,5,6.0,2.0,0,3,2007,1490000,2555450.0
1780,11436,4,1.75,1.0,0,0,1967,1000000,369882.5
1170,11000,3,1.0,1.0,0,0,1980,119500,287322.62
3880,8370,5,3.75,2.0,0,0,2004,506000,816798.0
3902,3880,6,4.5,3.0,0,4,1977,1300000,1370310.0
1770,7336,3,2.5,2.0,0,0,1996,270000,297879.79
1370,1227,3,3.25,3.0,0,0,2007,375000,390950.0
3220,5120,4,2.5,2.0,0,0,2000,558000,699053.83
2430,9747,4,1.75,1.0,0,0,1974,459950,539567.76
1490,3840,3,2.5,2.0,0,0,2002,265950,369924.5
2810,7549,4,2.5,2.0,0,0,1992,550000,555433.3
3530,9385,5,2.0,1.5,0,0,1925,930000,1260161.0
830,1077,2,1.5,2.0,0,0,2006,350000,298392.8
1920,8075,3,2.0,1.0,0,0,1969,260000,438413.0
5540,15408,4,4.25,2.0,0,1,2006,2580000,1745840.0
1860,7400,3,2.0,1.0,0,0,1922,385000,351320.0
3820,8114,4,3.25,2.0,0,0,2005,1620000,1007554.9
2630,9099,4,2.0,1.5,0,0,1944,445000,569318.7
1770,6650,4,1.5,1.0,0,0,1958,375000,459265.0
3540,13515,4,2.75,2.0,0,0,1998,820000,865189.4
1790,6980,3,1.75,1.0,0,0,1980,402200,344789.77
1560,8232,3,1.0,1.0,0,0,1952,915000,345726.0
1990,203861,3,2.0,1.0,0,0,1949,246000,523111.0
900,28800,2,1.0,1.0,0,0,1928,235000,217240.69
2700,6000,4,1.75,1.0,0,0,1953,725000,716011.5
1520,5649,3,2.5,2.0,0,0,1989,375000,347274.03
1640,8922,3,1.5,1.0,0,0,1963,242000,299477.5
1830,9758,3,1.75,1.0,0,0,1977,429950,386091.5
2590,4652,5,1.0,2.0,0,0,1907,890000,870436.75
1400,10436,3,2.25,1.0,0,0,1985,258900,272842.5
3510,9364,4,3.5,2.0,0,0,2001,695000,855612.94
1990,7405,3,2.0,1.0,0,0,1971,510000,410974.71
3240,22795,4,2.5,2.0,0,0,1998,574000,769406.3
3030,6625,4,2.75,2.0,0,0,2011,525000,701359.7
2090,8653,3,2.5,2.0,0,0,1989,455000,482853.8
3380,9528,3,2.5,2.0,0,0,1994,751000,703910.0
1480,800,3,1.75,2.0,0,0,2014,469000,522880.2833333334
2340,217014,4,2.25,1.0,0,0,1982,404950,477716.88
2920,7200,4,2.5,1.0,0,3,1921,1050000,1133404.0
1350,1250,3,2.5,3.0,0,0,2006,394950,393481.5
910,6232,2,1.0,1.0,0,0,1943,155000,318785.49
1430,1210,2,2.25,2.0,0,0,2005,522500,445807.5
1580,3680,2,1.5,1.0,0,2,1941,530000,591828.62
2250,14440,4,2.5,1.0,0,0,1967,496500,526225.05
1570,14992,3,2.0,1.0,0,0,2001,340000,346407.99
1170,8182,3,1.75,1.0,0,0,1962,352500,292240.01
2090,5102,4,3.0,1.0,0,0,1994,385000,415187.88
760,4746,2,1.0,1.0,0,0,1930,110000,276672.5
1830,13042,3,2.5,2.0,0,0,1990,375000,427807.5
1780,11000,3,2.5,1.0,0,0,1980,635000,389205.5
3760,5000,4,3.5,2.0,0,0,2014,919204,914524.4
2070,54557,3,2.75,2.0,0,0,1996,770000,554658.5
5830,131116,4,3.5,2.0,0,0,2005,1580000,1321780.0
3820,26300,4,2.75,2.0,0,0,2014,770000,993371.95
1640,3896,3,2.25,2.0,0,0,1994,478000,476597.0
670,4640,2,1.0,1.0,0,0,1943,250000,289531.5
1210,6650,3,1.0,1.0,0,0,1959,355000,266351.0
1570,16817,3,1.75,2.0,0,0,1982,370000,342014.5
3080,5250,4,3.5,2.0,0,0,2003,775000,679016.0
1230,7560,2,1.0,1.0,0,0,1961,343000,332067.61
2780,33503,3,2.5,1.5,0,1,1969,1140000,755520.0
1860,9100,3,2.0,1.5,0,0,1939,370000,444911.0
2064,46173,3,2.0,2.0,0,0,1903,567035,469856.12
2510,43995,3,2.25,2.0,0,0,1981,520000,554046.4
2590,8483,4,2.5,2.0,0,0,1991,570000,467968.5
3370,4850,5,2.5,2.0,0,0,2007,540000,646478.69
1330,9620,3,1.0,1.0,0,0,1976,206990,297399.8
980,4120,2,1.0,1.0,0,0,1950,535000,390158.98
1660,10000,3,1.75,1.0,0,0,1972,331292,411184.5
1090,10710,3,1.0,1.0,0,0,1962,280000,210492.73
1700,4000,3,2.5,2.0,0,0,2003,384000,426602.83
2390,8315,3,2.5,2.0,0,0,1990,640000,484172.54
2020,9600,4,2.5,2.0,0,0,1954,689000,527807.29
2180,7203,4,2.5,2.0,0,0,1989,464000,524149.95
1580,6200,4,1.5,1.0,0,0,1944,159075,400014.16
2770,7000,4,2.5,1.0,0,0,1979,355000,489073.12
2010,2287,3,2.5,2.0,0,0,2014,453246,676666.09
2430,7490,4,2.25,2.0,0,0,1983,330000,431608.27
2170,7700,4,2.5,1.0,0,0,1969,465000,490065.13
2290,7380,4,1.75,1.0,0,0,1963,326000,386429.0
1480,804,2,2.0,3.0,0,0,2008,459000,508747.3
3670,49658,4,2.5,2.0,0,0,1999,885250,862290.0
1960,11600,4,2.5,1.0,0,0,1931,215000,398995.92
2670,11250,7,1.5,1.5,0,0,1948,575000,553568.96
1700,3575,3,2.5,2.0,0,0,2000,300000,443359.83
1980,7309,3,2.5,2.0,0,0,1993,455000,369747.9
5440,9050,4,3.5,2.0,0,0,1990,1770000,1461345.52
1930,6180,3,2.5,1.0,0,0,1961,375000,400440.51
1540,5120,4,1.75,1.0,0,0,1943,395000,437524.2
2460,8710,5,2.25,1.0,0,0,1976,599000,479552.2
1530,7020,2,1.75,1.0,0,0,1942,469775,464943.56333333335
2180,10617,4,1.0,1.5,0,0,1950,359000,482047.96
5860,52889,4,4.25,2.0,0,0,1996,1160000,1365250.0
1700,8800,3,2.25,1.0,0,0,1969,565000,345875.5
2660,8469,4,2.5,2.0,0,0,1994,751305,484940.5
1460,10506,2,1.75,1.0,0,0,1983,299950,336555.5
3250,235063,4,2.5,1.0,0,2,1973,293000,785353.0
1650,7775,4,1.75,1.0,0,0,1950,475000,384136.31
2678,6607,3,2.5,2.0,0,0,1998,546200,495349.49
1470,7350,3,1.75,1.0,0,0,1963,432500,313464.5
1140,6700,1,1.0,1.5,0,0,1920,540000,402886.0
1820,1358,3,2.0,3.0,0,0,2014,479950,544162.5
1620,7686,3,2.5,2.0,0,0,1989,246500,296756.0
1580,7350,4,1.5,1.0,0,0,1963,452000,296531.95
2110,8164,3,2.5,2.0,0,0,1990,535000,438146.25
1490,7150,3,1.75,1.0,0,0,1967,310000,343578.8
2920,5000,4,2.25,2.0,0,0,1937,1740000,1059312.0
1550,5000,3,1.75,1.0,0,0,1911,650000,564450.46
3830,6507,5,3.25,2.0,0,0,2014,955990,964336.84
3160,37200,4,2.75,2.0,0,3,1939,942000,1254805.5
2090,10306,4,2.5,2.0,0,0,1986,632500,467556.88
2070,7800,4,2.5,2.0,0,0,1989,255000,431997.27
2760,6850,4,2.5,2.0,0,0,1999,602500,732081.0
670,5140,2,1.0,1.0,0,0,1926,183000,194750.0
3010,7014,3,2.5,2.0,0,0,2009,538000,672181.22
2250,8800,3,2.0,1.0,0,0,1925,589000,531064.5
1670,39639,3,1.75,1.0,0,0,1976,600000,395017.0
2570,11473,4,2.5,2.0,0,0,2008,356500,571165.29
1670,4080,3,1.0,1.0,0,0,1967,533000,294130.0
2680,28243,3,2.5,2.0,0,0,1993,660000,568554.5
2950,5500,5,2.5,1.5,0,0,1918,660500,709615.0
970,6600,3,1.0,1.0,0,0,1965,165000,241689.0
2220,6049,3,2.5,2.0,0,0,1990,325000,436820.15
7320,217800,5,4.0,2.0,0,0,1992,1140000,2078350.0
2140,9492,3,2.5,2.0,0,0,1994,302000,403009.2
2540,5001,4,2.5,2.0,0,0,2005,487000,489428.31
2000,3600,5,2.5,1.0,0,0,1987,441000,419622.0
3630,30570,5,2.75,2.0,0,0,2000,633000,729830.0
3230,21781,4,2.5,2.0,0,0,1993,785000,801690.0
1720,8750,4,1.75,1.0,0,0,1971,385000,366695.75
1050,6600,2,1.0,1.5,0,0,1964,123000,276465.1
3320,9380,4,2.5,2.0,0,3,1988,1110000,1032406.0
2670,5974,4,2.5,2.0,0,0,1999,612000,552308.96
2570,7980,4,2.5,2.0,0,0,1998,715000,466480.0
2680,4500,4,2.5,2.0,0,0,2011,379950,455482.16
860,5040,2,1.0,1.0,0,0,1956,370000,242653.14
3070,16028,4,2.25,1.0,0,3,1976,1230000,1034504.0
2370,217800,2,2.0,1.5,0,0,1992,543000,553594.5
2010,12085,4,2.5,2.0,0,0,1986,299500,468237.76
2500,13500,5,2.25,1.0,0,0,1979,467000,526352.6
2350,20820,3,1.75,1.0,0,0,1978,615000,519816.28
1640,2875,3,2.25,2.0,0,0,1983,390000,375154.5
2200,169448,4,1.75,1.5,0,0,1942,305000,513562.0
1660,21514,3,1.0,1.0,0,0,1973,220000,285245.0
1650,9380,3,1.5,1.0,0,0,1978,320000,341611.0
1100,1695,2,2.25,2.0,0,0,2009,374000,338498.83
1920,10000,4,1.5,1.0,0,0,1954,430000,463039.3
2090,12112,3,2.25,2.0,0,0,1983,562100,416275.51333333337
1240,9500,3,1.5,1.0,0,0,1955,259950,381335.7
1730,9230,5,1.5,1.0,0,0,1962,287000,300540.65
870,8400,2,1.0,1.0,0,0,1960,240000,209951.5
1220,6000,3,1.5,1.0,0,0,1968,177500,232385.39
1920,9672,3,2.25,2.0,0,0,1984,345000,460064.86
2070,8400,3,2.5,2.0,0,0,1990,250000,479265.14
1852,4000,3,2.5,2.0,0,0,2014,298000,310985.7725
1220,1120,2,1.5,2.5,0,0,2008,465000,363507.32
3400,7452,5,3.25,2.0,0,0,1999,950000,794300.72
1690,6010,3,1.5,1.0,0,0,1946,440000,505235.0
1330,9417,3,1.75,1.0,0,0,1936,375000,347625.3
3040,9601,5,3.0,1.0,0,0,1968,830000,647398.0
1460,1254,3,3.25,3.0,0,0,2000,521000,468888.5
1484,1761,3,2.5,3.0,0,0,2003,365000,415597.16
1460,2610,3,2.0,2.0,0,0,1987,444000,402520.25
1930,7452,4,2.25,1.0,0,0,1984,312000,290732.5
1790,7526,3,1.5,1.0,0,0,1953,865000,400516.75
2920,6300,3,2.25,1.0,0,0,1956,680000,841963.5
1850,6037,4,2.5,2.0,0,0,1991,278000,292780.0
1750,19709,2,1.5,1.5,0,0,1978,575000,417055.0
2850,4497,4,2.0,1.5,0,1,1910,650000,881732.5
1250,10122,3,1.75,1.0,0,0,1994,253000,256076.5
2500,5000,4,3.0,1.5,0,0,1926,670000,705555.0
1470,81021,2,1.0,1.0,0,0,1949,380000,343386.0
2120,57050,4,2.5,2.0,0,0,1989,475000,529856.5
1470,2533,2,2.5,2.0,0,0,2005,487000,297839.0
1830,65340,3,2.5,1.0,0,0,1991,427000,486134.88
1820,9490,3,2.75,2.0,0,0,1994,488500,338424.1
2440,7491,4,2.5,2.0,0,0,1988,700000,435448.5
2600,12860,3,2.75,1.0,0,0,1965,430000,689785.5
3500,9198,4,2.5,2.0,0,0,2004,790000,766112.0
1640,7200,3,2.25,2.0,0,0,1985,350000,320243.5
1980,7200,4,2.0,2.0,0,3,1910,900000,436473.0
3480,7800,3,2.5,1.0,0,0,1941,950000,1236322.0
1610,10454,3,2.25,1.0,0,0,1977,280000,359440.0
2820,14890,3,2.5,1.0,0,4,1985,853505,959211.88
880,5500,2,1.0,1.0,0,0,1904,292000,304799.13
1970,2752,3,2.5,2.0,0,0,1978,425500,435825.6
2560,3996,3,2.25,1.5,0,0,1910,842500,778339.0
2030,8120,4,2.0,2.0,0,0,1950,199000,421770.79
3130,139392,4,2.75,2.0,0,0,1981,565000,719066.75
1920,8259,4,2.25,2.0,0,0,1979,625000,349486.64
1400,10018,3,1.75,1.0,0,0,1962,389000,341829.5
1970,35100,3,2.25,2.0,0,0,1977,437500,456940.21
1900,3366,3,2.5,2.0,0,0,1996,545000,479746.7
2100,8400,4,2.5,1.0,0,0,1976,468000,577544.88
1600,10440,3,1.5,1.0,0,0,1954,390000,433804.8
2140,7641,3,2.5,1.0,0,0,1979,339950,379796.505
3620,42580,4,2.5,2.0,0,0,1984,900000,735606.5
2710,9216,4,1.75,1.0,0,0,1961,624000,501184.3
2730,11380,3,2.5,2.0,0,0,1995,770000,707683.26
2170,8680,4,2.5,1.0,0,0,1959,685000,520071.5
2260,5824,4,2.5,2.0,0,0,2011,379000,432604.5
2560,4020,4,2.5,2.0,0,0,2006,410000,593181.1666666666
650,5400,2,1.0,1.0,0,0,1950,295000,186582.45
890,3271,2,1.0,1.0,0,0,1918,409000,431819.0
1580,8000,4,2.0,1.0,0,0,1967,245000,414213.5
1650,7807,3,1.75,1.0,0,0,1986,267500,269069.5
1740,3622,2,1.0,1.0,0,0,1924,315000,559159.45
4540,19767,4,3.5,2.0,0,0,1998,1150000,1426860.0
1180,13650,3,1.0,1.0,0,0,1967,255000,311977.4
810,8424,2,1.0,1.0,0,0,1959,170000,183416.0
3160,5000,6,3.75,2.0,0,0,1989,848750,681319.0
1090,5000,2,1.0,1.0,0,0,1942,356700,383201.17
2740,33158,4,2.5,2.0,0,0,1993,476000,642274.3
3060,6895,5,2.75,2.0,0,0,2003,381000,645619.44
1570,4665,2,2.0,1.0,0,0,2006,592350,485933.25
2310,5573,4,2.5,2.0,0,0,2003,525000,444014.4
2190,8500,3,1.75,1.0,0,0,1957,1570000,450875.0
3190,5408,4,2.75,2.0,0,0,2005,722000,653968.55
2640,7544,3,2.25,1.0,0,0,1995,1220000,586483.8
1910,7200,5,2.0,1.0,0,0,1951,230000,548830.0
3410,179419,4,2.5,2.0,0,0,2004,774950,732121.5
2390,10000,4,2.5,1.0,0,0,1975,800000,684460.76
1280,819,2,2.5,2.0,0,0,2006,319950,404612.5
1440,7680,4,2.0,1.0,0,0,1971,397000,335261.0
2450,6500,3,2.25,2.0,0,0,1985,329000,447743.3
1200,9566,3,2.0,1.0,0,0,1995,222400,269032.22
2120,8944,5,4.5,2.0,1,4,1939,1000000,1172191.5
1090,7200,3,1.75,1.0,0,0,1968,345000,279703.8333333333
1750,12500,3,1.5,1.0,0,0,1954,315000,402178.5
1540,13002,3,1.75,1.0,0,0,1984,492450,366787.0
4070,115434,4,2.75,2.0,0,0,2002,845000,841459.0
1560,4200,3,2.5,2.0,0,0,2003,295000,286412.75
1370,7200,3,2.0,1.0,0,0,1926,377500,421618.5
1610,6132,3,1.5,1.0,0,2,1959,238000,516338.5
4030,36762,4,3.25,2.0,0,0,1988,985000,1082784.0
1670,12056,4,2.0,1.0,0,0,1955,400000,438504.5
1330,8912,3,1.0,1.0,0,0,1948,234999,329089.43
1060,9600,3,1.0,1.0,0,0,1962,206000,291536.0
2440,10423,4,2.5,1.0,0,0,1955,510000,747903.96
1290,11250,3,1.0,1.0,0,0,1956,275000,336453.0
4010,13797,4,3.25,2.0,0,0,2003,972000,1356463.5
3880,8244,4,3.5,2.0,0,0,2007,620000,976193.4
2120,6893,6,3.25,1.0,0,0,1983,330000,379291.25
1270,3630,4,1.0,1.5,0,0,1903,402500,533697.82
1210,4895,2,1.0,1.0,0,0,1951,285000,399657.5
1420,14850,3,2.5,1.0,0,0,1963,260000,357634.9
1010,7633,3,1.0,1.0,0,0,1961,225000,289937.5
870,6150,2,1.0,1.0,0,0,1941,245000,358409.9
3090,23265,5,2.5,1.0,0,0,1957,458000,817923.0
1890,2614,3,2.75,2.0,0,0,1979,462000,457330.2
4120,22370,4,2.5,2.0,0,0,1997,863000,980340.0
1380,3561,3,1.75,1.0,0,0,1925,535000,547471.6
810,8494,2,1.0,1.0,0,0,1949,237500,202938.5
910,9000,2,1.0,1.0,0,0,1983,239900,244782.5
3360,11548,4,2.5,2.0,0,0,1988,950000,694935.7
2020,7070,4,2.75,1.0,0,0,1958,513000,526326.0
1520,1588,2,2.5,2.0,0,0,2007,430000,433868.01
1550,8300,3,2.0,1.0,0,0,1965,300000,404774.65
2230,11536,4,1.5,1.0,0,1,1954,355000,582946.1
2690,4000,4,3.75,2.0,0,3,1909,800000,984350.0
2050,8683,4,2.5,2.0,0,0,1987,550000,508258.11
2850,4100,4,3.25,2.0,0,3,1908,1540000,1248664.0
1710,7210,3,1.75,1.0,0,0,1974,273148,320446.5
1160,10518,3,1.0,1.0,0,0,1960,351000,312024.0
3595,5639,5,2.75,2.0,0,0,2014,861990,865536.98
1350,11805,3,2.0,1.0,0,0,1986,325000,349916.4
1040,4590,2,1.0,1.0,0,0,1954,210000,316527.54
1870,6551,4,2.0,1.0,0,3,2009,272000,571345.0
1520,5010,2,2.0,1.0,0,0,1999,400000,389161.13
970,8580,3,1.0,1.0,0,0,1959,156000,261987.3
3010,206910,3,2.75,2.0,0,2,2001,750000,744259.45
830,4000,2,1.0,1.0,0,0,1955,394475,302796.98
1880,4668,3,2.5,2.0,0,0,1993,509950,482057.0
3160,9072,3,2.75,2.0,0,0,2005,553000,742122.87
1790,6117,3,1.75,1.0,0,2,1940,790000,483077.09333333327
2270,9600,3,2.5,2.0,0,0,1990,575000,523189.85
1030,4958,3,1.0,1.0,0,0,1952,718000,343122.04
630,1362,1,1.0,1.0,0,0,1943,430000,273056.0
2690,104544,3,3.5,2.0,0,0,1948,775000,575018.2
2390,8432,4,2.5,2.0,0,0,1998,664000,373229.44
2120,6350,2,1.75,1.0,0,0,1924,300000,578439.93
1250,34395,2,1.75,1.0,0,0,1950,299000,368584.0
870,18537,2,1.75,1.0,0,0,1946,199950,262966.04
2680,13292,5,2.25,1.0,0,0,1976,599950,521270.2
1310,7697,2,1.0,1.0,0,0,1950,187300,358257.0
2080,4400,4,1.5,1.5,0,0,1925,592500,581590.0
1470,5000,3,1.75,1.5,0,0,1900,554600,559683.0
2540,9520,3,1.5,1.0,0,0,1959,690000,477930.34
3380,27589,4,2.5,2.0,0,0,1966,1430000,837675.0
1900,5000,3,1.75,1.0,0,0,1951,615000,576296.59
2040,5508,4,2.5,2.0,0,0,1996,575000,438000.5
1510,3750,3,2.0,1.5,0,0,1928,479200,547183.0
2860,24046,3,2.0,1.0,0,0,1985,289275,570623.38
1100,17334,3,1.0,1.0,0,0,1978,139000,284358.745
3320,53392,4,2.25,2.0,0,0,1986,508000,743357.5
1370,915,3,3.25,2.0,0,0,2006,388000,432054.5
1170,6134,3,1.0,1.0,0,0,1948,209977,301163.26
1910,1369,2,2.75,3.0,0,0,2002,609850,522525.55
960,6634,3,1.0,1.0,0,0,1952,315000,322286.5
2580,4818,4,2.5,2.0,0,0,2005,379950,465826.17
1070,5824,2,1.0,1.0,0,2,1949,319950,305081.15
3220,22588,4,2.5,2.0,0,0,1996,875000,763396.26
940,8400,3,1.0,1.0,0,0,1958,253905,273398.4
1360,1236,3,2.25,2.0,0,0,2006,500000,414789.8
2040,11772,5,1.5,1.0,0,0,1963,287000,362805.5
1980,4745,4,2.5,2.0,0,0,2004,335000,350199.0
1040,5765,2,1.0,1.0,0,0,1944,358803,354461.4
1080,8580,3,1.0,1.5,0,0,1900,192500,259328.0
1380,3402,3,1.75,1.5,0,0,1900,550000,525524.0
2380,3600,3,3.75,1.5,0,0,1927,695000,721176.0
2620,51354,3,2.5,2.0,0,0,1998,695000,654110.0
2560,8270,4,1.75,1.0,0,0,1979,448000,451959.05
6930,45100,4,5.5,1.0,0,0,1950,2530000,2913670.0
